Unnamed: 0,Nedb√∏r (1 t),Lufttemperatur,Middelvind,Skydekke,count,weekday,hour,isHoliday,count_last_hour,bike_availability_1919,dock_availability_1919,availability,dock_availability
2022-05-01 00:00:00+00:00,0.0,-3.0,3.1,6,0.0,6,0,False,,0.9877777777777776,0.9877777777777776,0.9877777777777776,0.9877777777777776
2022-05-01 01:00:00+00:00,0.0,-3.8,1.1,6,0.0,6,1,False,0.0,0.9908333333333332,0.9908333333333332,0.9908333333333332,0.9908333333333332
2022-05-01 02:00:00+00:00,0.0,-3.8,2.8,6,0.0,6,2,False,0.0,0.9811111111111108,0.9811111111111108,0.9811111111111108,0.9811111111111108
2022-05-01 03:00:00+00:00,0.0,-4.0,2.6,6,0.0,6,3,False,0.0,0.9924999999999996,0.9924999999999996,0.9924999999999996,0.9924999999999996
2022-05-01 04:00:00+00:00,0.0,-3.6,3.4,6,2.0,6,4,False,0.0,0.9905555555555552,0.9905555555555552,0.9905555555555552,0.9905555555555552
2022-05-01 05:00:00+00:00,0.0,-3.7,3.0,6,1.0,6,5,False,2.0,0.9891666666666664,0.9891666666666664,0.9891666666666664,0.9891666666666664
2022-05-01 06:00:00+00:00,0.0,-3.8,1.7,6,0.0,6,6,False,1.0,0.9866666666666668,0.9866666666666668,0.9866666666666668,0.9866666666666668
2022-05-01 07:00:00+00:00,0.0,-5.2,1.4,4,2.0,6,7,False,0.0,0.9791666666666664,0.9791666666666664,0.9791666666666664,0.9791666666666664
2022-05-01 08:00:00+00:00,0.0,-3.9,2.4,4,3.0,6,8,False,2.0,0.950277777777778,0.950277777777778,0.950277777777778,0.950277777777778
2022-05-01 09:00:00+00:00,0.0,-3.3,3.4,4,4.0,6,9,False,3.0,0.9869444444444444,0.9869444444444444,0.9869444444444444,0.9869444444444444
2022-05-01 10:00:00+00:00,0.0,-3.5,1.6,6,10.0,6,10,False,4.0,0.97,0.97,0.97,0.97
2022-05-01 11:00:00+00:00,0.0,-2.7,2.2,6,8.0,6,11,False,10.0,0.987222222222222,0.987222222222222,0.987222222222222,0.987222222222222
2022-05-01 12:00:00+00:00,0.0,-2.3,1.4,6,14.0,6,12,False,8.0,0.985,0.985,0.985,0.985
2022-05-01 13:00:00+00:00,0.0,-1.4,3.6,2,9.0,6,13,False,14.0,0.9511111111111112,0.9511111111111112,0.9511111111111112,0.9511111111111112
2022-05-01 14:00:00+00:00,0.0,-0.9,1.3,2,7.0,6,14,False,9.0,0.9852777777777778,0.9852777777777778,0.9852777777777778,0.9852777777777778
2022-05-01 15:00:00+00:00,0.0,-0.3,4.3,2,8.0,6,15,False,7.0,0.9863888888888884,0.9863888888888884,0.9863888888888884,0.9863888888888884
2022-05-01 16:00:00+00:00,0.0,0.0,3.7,2,17.0,6,16,False,8.0,0.9905555555555554,0.9905555555555554,0.9905555555555556,0.9905555555555554
2022-05-01 17:00:00+00:00,0.0,-0.4,2.3,2,3.0,6,17,False,17.0,0.9997222222222224,0.9997222222222224,0.9997222222222224,0.9997222222222224
2022-05-01 18:00:00+00:00,0.0,-0.7,3.6,2,4.0,6,18,False,3.0,0.9897222222222222,0.9897222222222222,0.9897222222222222,0.9897222222222222
2022-05-01 19:00:00+00:00,0.0,-0.9,5.4,0,8.0,6,19,False,4.0,0.9855555555555554,0.9855555555555554,0.9855555555555554,0.9855555555555554
2022-05-01 20:00:00+00:00,0.0,-1.3,3.3,0,3.0,6,20,False,8.0,0.995,0.995,0.995,0.995
2022-05-01 21:00:00+00:00,0.0,-1.3,4.6,0,0.0,6,21,False,3.0,0.9855555555555552,0.9855555555555552,0.975944444444444,0.9855555555555552
2022-05-01 22:00:00+00:00,0.0,-1.2,5.5,0,0.0,6,22,False,0.0,0.9802777777777776,0.9802777777777776,0.9802777777777776,0.9802777777777776
2022-05-01 23:00:00+00:00,0.0,-0.7,6.2,0,0.0,6,23,False,0.0,0.9830555555555552,0.9830555555555552,0.8154444444444442,0.9830555555555552
2022-05-02 00:00:00+00:00,0.0,-1.6,1.7,0,0.0,0,0,False,0.0,0.9699999999999998,0.9699999999999998,0.7759999999999998,0.9699999999999998
2022-05-02 01:00:00+00:00,0.0,-2.3,1.9,0,0.0,0,1,False,0.0,0.968333333333333,0.968333333333333,0.7746666666666664,0.968333333333333
2022-05-02 02:00:00+00:00,0.0,-3.5,0.4,0,0.0,0,2,False,0.0,0.9913888888888888,0.9913888888888888,0.793111111111111,0.9913888888888888
2022-05-02 03:00:00+00:00,0.0,-3.5,1.6,0,0.0,0,3,False,0.0,0.9819444444444446,0.9819444444444446,0.7855555555555557,0.9819444444444446
2022-05-02 04:00:00+00:00,0.0,-2.7,1.0,0,4.0,0,4,False,0.0,0.987222222222222,0.987222222222222,0.7897777777777776,0.987222222222222
2022-05-02 05:00:00+00:00,0.0,-4.1,1.4,0,25.0,0,5,False,4.0,0.985555555555556,0.985555555555556,0.7884444444444447,0.985555555555556
2022-05-02 06:00:00+00:00,0.0,-4.8,0.7,0,22.0,0,6,False,25.0,0.9866666666666664,0.9866666666666664,0.8954999999999999,0.9866666666666664
2022-05-02 07:00:00+00:00,0.0,-5.0,1.2,1,3.0,0,7,False,22.0,1.0000000000000002,1.0000000000000002,1.0000000000000002,1.0000000000000002
2022-05-02 08:00:00+00:00,0.0,-4.3,1.1,1,3.0,0,8,False,3.0,0.9869444444444444,0.9869444444444444,0.9869444444444444,0.9869444444444444
2022-05-02 09:00:00+00:00,0.0,-3.6,1.3,1,1.0,0,9,False,3.0,0.9191666666666668,0.9191666666666668,0.9191666666666668,0.9191666666666668
2022-05-02 10:00:00+00:00,0.0,-1.7,1.9,4,1.0,0,10,False,1.0,0.9808333333333332,0.9808333333333332,0.9808333333333332,0.9808333333333332
2022-05-02 11:00:00+00:00,0.0,-0.4,1.3,4,6.0,0,11,False,1.0,0.9538888888888892,0.9538888888888892,0.9538888888888892,0.9538888888888892
2022-05-02 12:00:00+00:00,0.0,3.0,2.4,4,2.0,0,12,False,6.0,0.9858333333333332,0.9858333333333332,0.9858333333333332,0.9858333333333332
2022-05-02 13:00:00+00:00,0.0,2.8,3.6,4,7.0,0,13,False,2.0,0.9841666666666664,0.9841666666666664,0.9841666666666664,0.9841666666666664
2022-05-02 14:00:00+00:00,0.0,3.0,2.2,4,11.0,0,14,False,7.0,0.9880555555555556,0.9880555555555556,0.9880555555555556,0.9880555555555556
2022-05-02 15:00:00+00:00,0.0,3.4,4.7,4,8.0,0,15,False,11.0,0.9808333333333336,0.9808333333333336,0.9808333333333336,0.9808333333333336
2022-05-02 16:00:00+00:00,0.0,2.8,4.0,7,12.0,0,16,False,8.0,0.983888888888889,0.983888888888889,0.983888888888889,0.983888888888889
2022-05-02 17:00:00+00:00,0.0,2.9,4.6,7,7.0,0,17,False,12.0,0.9825000000000002,0.9825000000000002,0.9825000000000002,0.9825000000000002
2022-05-02 18:00:00+00:00,0.0,2.5,3.9,7,5.0,0,18,False,7.0,0.9808333333333336,0.9808333333333336,0.9808333333333336,0.9808333333333336
2022-05-02 19:00:00+00:00,0.0,2.9,4.7,8,1.0,0,19,False,5.0,0.9855555555555556,0.9855555555555556,0.9855555555555556,0.9855555555555556
2022-05-02 20:00:00+00:00,0.0,3.0,2.9,8,5.0,0,20,False,1.0,0.9816666666666666,0.9816666666666666,0.9816666666666668,0.9816666666666666
2022-05-02 21:00:00+00:00,0.0,3.6,4.6,8,1.0,0,21,False,5.0,0.9861111111111112,0.9861111111111112,0.986111111111111,0.9861111111111112
2022-05-02 22:00:00+00:00,0.0,3.7,3.6,8,0.0,0,22,False,1.0,0.9341666666666668,0.9341666666666668,0.9341666666666668,0.9341666666666668
2022-05-02 23:00:00+00:00,0.0,3.7,2.5,8,0.0,0,23,False,0.0,0.9874999999999996,0.9874999999999996,0.9874999999999996,0.9874999999999996
2022-05-03 00:00:00+00:00,0.0,-3.0,1.0,1,0.0,1,0,False,0.0,0.9552777777777776,0.9552777777777776,0.9552777777777776,0.9552777777777776
2022-05-03 01:00:00+00:00,0.0,-3.0,1.3,1,0.0,1,1,False,0.0,0.9847222222222218,0.9847222222222218,0.9847222222222218,0.9847222222222218
2022-05-03 02:00:00+00:00,0.0,-3.1,1.5,1,0.0,1,2,False,0.0,0.9861111111111108,0.9861111111111108,0.9861111111111108,0.9861111111111108
2022-05-03 03:00:00+00:00,0.0,-3.9,0.2,1,2.0,1,3,False,0.0,0.9930555555555552,0.9930555555555552,0.9930555555555552,0.9930555555555552
2022-05-03 04:00:00+00:00,0.0,-4.2,0.4,1,6.0,1,4,False,2.0,0.9816666666666668,0.9816666666666668,0.9816666666666668,0.9816666666666668
2022-05-03 05:00:00+00:00,0.0,-3.3,0.2,1,29.0,1,5,False,6.0,0.987222222222222,0.987222222222222,0.987222222222222,0.987222222222222
2022-05-03 06:00:00+00:00,0.0,-2.2,0.4,1,23.0,1,6,False,29.0,0.9813888888888888,0.9813888888888888,0.9813888888888888,0.9813888888888888
2022-05-03 07:00:00+00:00,0.0,-2.2,0.8,7,16.0,1,7,False,23.0,0.9855555555555556,0.9855555555555556,0.9855555555555556,0.9855555555555556
2022-05-03 08:00:00+00:00,0.0,-2.6,0.4,7,4.0,1,8,False,16.0,0.9844444444444445,0.9844444444444445,0.9844444444444445,0.9844444444444445
2022-05-03 09:00:00+00:00,0.0,-1.7,0.8,7,4.0,1,9,False,4.0,0.9844444444444448,0.9844444444444448,0.9844444444444448,0.9844444444444448
2022-05-03 10:00:00+00:00,0.0,-1.1,0.3,5,0.0,1,10,False,4.0,0.9944444444444442,0.9944444444444442,0.9944444444444442,0.9944444444444442
2022-05-03 11:00:00+00:00,0.0,0.7,1.9,5,6.0,1,11,False,0.0,0.9877777777777774,0.9877777777777774,0.9877777777777774,0.9877777777777774
2022-05-03 12:00:00+00:00,0.0,1.9,1.6,5,4.0,1,12,False,6.0,0.9819444444444444,0.9819444444444444,0.9819444444444444,0.9819444444444444
2022-05-03 13:00:00+00:00,0.0,2.7,2.5,2,5.0,1,13,False,4.0,0.9869444444444448,0.9869444444444448,0.9869444444444448,0.9869444444444448
2022-05-03 14:00:00+00:00,0.0,3.5,2.6,2,13.0,1,14,False,5.0,0.9816666666666668,0.9816666666666668,0.9816666666666668,0.9816666666666668
2022-05-03 15:00:00+00:00,0.0,4.0,2.4,2,15.0,1,15,False,13.0,0.9758333333333332,0.9758333333333332,0.9758333333333332,0.9758333333333332
2022-05-03 16:00:00+00:00,0.0,4.6,2.0,3,7.0,1,16,False,15.0,0.9847222222222224,0.9847222222222224,0.9847222222222224,0.9847222222222224
2022-05-03 17:00:00+00:00,0.0,3.3,1.7,3,6.0,1,17,False,7.0,0.9658333333333332,0.9658333333333332,0.9658333333333332,0.9658333333333332
2022-05-03 18:00:00+00:00,0.0,2.6,1.1,3,6.0,1,18,False,6.0,0.997222222222222,0.997222222222222,0.997222222222222,0.997222222222222
2022-05-03 19:00:00+00:00,0.0,1.4,1.2,6,2.0,1,19,False,6.0,0.9836111111111112,0.9836111111111112,0.9836111111111112,0.9836111111111112
2022-05-03 20:00:00+00:00,0.0,0.4,1.7,6,2.0,1,20,False,2.0,0.9819444444444444,0.9819444444444444,0.9819444444444444,0.9819444444444444
2022-05-03 21:00:00+00:00,0.0,0.1,1.8,6,0.0,1,21,False,2.0,0.9811111111111112,0.9811111111111112,0.9811111111111112,0.9811111111111112
2022-05-03 22:00:00+00:00,0.0,-0.9,1.3,2,0.0,1,22,False,0.0,0.9830555555555556,0.9830555555555556,0.7864444444444445,0.9830555555555556
2022-05-03 23:00:00+00:00,0.0,-1.4,1.2,2,0.0,1,23,False,0.0,0.999444444444444,0.999444444444444,0.7995555555555552,0.999444444444444
2022-05-04 00:00:00+00:00,0.0,-1.1,3.9,2,0.0,2,0,False,0.0,0.985,0.985,0.788,0.985
2022-05-04 01:00:00+00:00,0.0,-1.6,1.6,2,0.0,2,1,False,0.0,0.9772222222222222,0.9772222222222222,0.7817777777777778,0.9772222222222222
2022-05-04 02:00:00+00:00,0.0,-2.9,1.1,2,0.0,2,2,False,0.0,0.9897222222222218,0.9897222222222218,0.7917777777777775,0.9897222222222218
2022-05-04 03:00:00+00:00,0.0,-3.4,1.0,2,4.0,2,3,False,0.0,0.9827777777777774,0.9827777777777774,0.7862222222222219,0.9827777777777774
2022-05-04 04:00:00+00:00,0.0,-4.4,2.1,2,3.0,2,4,False,4.0,0.9833333333333332,0.9833333333333332,0.7866666666666665,0.9833333333333332
2022-05-04 05:00:00+00:00,0.0,-4.1,1.5,2,23.0,2,5,False,3.0,0.9844444444444445,0.9844444444444445,0.8041666666666668,0.9844444444444445
2022-05-04 06:00:00+00:00,0.0,-4.7,0.2,2,24.0,2,6,False,23.0,0.9944444444444442,0.9944444444444442,0.9508888888888888,0.9944444444444442
2022-05-04 07:00:00+00:00,0.0,-2.1,1.4,2,16.0,2,7,False,24.0,0.9891666666666664,0.9891666666666664,0.8854444444444443,0.9891666666666664
2022-05-04 08:00:00+00:00,0.0,0.6,1.2,2,0.0,2,8,False,16.0,0.9833333333333336,0.9833333333333336,0.9833333333333336,0.9833333333333336
2022-05-04 09:00:00+00:00,0.0,1.9,2.7,2,2.0,2,9,False,0.0,0.998888888888889,0.998888888888889,0.998888888888889,0.998888888888889
2022-05-04 10:00:00+00:00,0.0,3.4,2.0,6,5.0,2,10,False,2.0,0.9894444444444443,0.9894444444444443,0.9894444444444443,0.9894444444444443
2022-05-04 11:00:00+00:00,0.0,4.2,2.6,6,6.0,2,11,False,5.0,0.8522222222222222,0.8049999999999999,0.9772222222222222,0.9772222222222222
2022-05-04 12:00:00+00:00,0.0,5.2,4.6,6,8.0,2,12,False,6.0,0.0,0.0,0.9813888888888888,0.9813888888888888
2022-05-04 13:00:00+00:00,0.0,5.4,5.0,5,5.0,2,13,False,8.0,0.21,0.2427777777777778,0.9902777777777776,0.9902777777777776
2022-05-04 14:00:00+00:00,0.0,6.3,4.1,5,8.0,2,14,False,5.0,0.9847222222222226,0.9847222222222226,0.9847222222222228,0.9847222222222226
2022-05-04 15:00:00+00:00,0.0,6.3,4.7,5,12.0,2,15,False,8.0,0.995277777777778,0.995277777777778,0.995277777777778,0.995277777777778
2022-05-04 16:00:00+00:00,0.0,6.5,3.6,5,12.0,2,16,False,12.0,0.9872222222222224,0.9872222222222224,0.9872222222222224,0.9872222222222224
2022-05-04 17:00:00+00:00,0.0,5.9,4.3,5,15.0,2,17,False,12.0,0.9880555555555556,0.9880555555555556,0.9880555555555556,0.9880555555555556
2022-05-04 18:00:00+00:00,0.0,5.4,3.6,5,9.0,2,18,False,15.0,0.971111111111111,0.971111111111111,0.971111111111111,0.971111111111111
2022-05-04 19:00:00+00:00,0.0,3.7,3.7,3,4.0,2,19,False,9.0,0.9938888888888892,0.9938888888888892,0.9938888888888892,0.9938888888888892
2022-05-04 20:00:00+00:00,0.0,2.3,4.8,3,2.0,2,20,False,4.0,0.9847222222222224,0.9847222222222224,0.9847222222222224,0.9847222222222224
2022-05-04 21:00:00+00:00,0.0,1.3,2.3,3,7.0,2,21,False,2.0,0.9883333333333336,0.9883333333333336,0.8930555555555557,0.9883333333333336
2022-05-04 22:00:00+00:00,0.0,-0.6,1.5,0,0.0,2,22,False,7.0,0.3911111111111111,0.3747222222222222,0.7631666666666665,0.9930555555555552
2022-05-04 23:00:00+00:00,0.0,-1.6,0.8,0,0.0,2,23,False,0.0,0.0,0.0,0.6760555555555555,0.984722222222222
2022-05-05 00:00:00+00:00,0.0,7.4,2.2,7,0.0,3,0,False,0.0,0.0,0.0,0.5839999999999997,0.9733333333333328
2022-05-05 01:00:00+00:00,0.0,7.2,1.6,7,0.0,3,1,False,0.0,0.0,0.0,0.5894999999999996,0.9824999999999994
2022-05-05 02:00:00+00:00,0.0,7.1,1.7,7,0.0,3,2,False,0.0,0.0,0.0,0.5891666666666666,0.9819444444444444
2022-05-05 03:00:00+00:00,0.0,6.6,1.3,7,0.0,3,3,False,0.0,0.0,0.0,0.5998333333333331,0.999722222222222
2022-05-05 04:00:00+00:00,0.0,5.9,1.5,7,6.0,3,4,False,0.0,0.0,0.0,0.593833333333333,0.9897222222222216
2022-05-05 05:00:00+00:00,0.0,6.1,0.6,7,27.0,3,5,False,6.0,0.0,0.0,0.5893333333333334,0.9822222222222222
2022-05-05 06:00:00+00:00,0.0,7.1,0.5,7,31.0,3,6,False,27.0,0.0,0.0,0.7158333333333333,0.9911111111111112
2022-05-05 07:00:00+00:00,0.0,8.1,1.4,6,8.0,3,7,False,31.0,0.0,0.0,0.9661111111111116,0.9661111111111116
2022-05-05 08:00:00+00:00,0.0,9.4,1.2,6,3.0,3,8,False,8.0,0.1972222222222222,0.2163888888888888,0.9769444444444442,0.9769444444444442
2022-05-05 09:00:00+00:00,0.0,10.9,2.3,6,3.0,3,9,False,3.0,0.9900000000000004,0.9900000000000004,0.9900000000000004,0.9900000000000004
2022-05-05 10:00:00+00:00,0.0,13.0,2.4,6,2.0,3,10,False,3.0,0.9963888888888892,0.9963888888888892,0.9963888888888892,0.9963888888888892
2022-05-05 11:00:00+00:00,0.0,14.7,2.7,6,1.0,3,11,False,2.0,0.9852777777777776,0.9852777777777776,0.9852777777777776,0.9852777777777776
2022-05-05 12:00:00+00:00,0.0,15.8,3.3,6,1.0,3,12,False,1.0,0.9775,0.9775,0.9775,0.9775
2022-05-05 13:00:00+00:00,0.0,16.1,3.9,7,3.0,3,13,False,1.0,0.9969444444444442,0.9969444444444442,0.9969444444444442,0.9969444444444442
2022-05-05 14:00:00+00:00,0.0,17.3,3.4,7,14.0,3,14,False,3.0,0.990555555555556,0.990555555555556,0.990555555555556,0.990555555555556
2022-05-05 15:00:00+00:00,0.0,18.6,5.0,7,11.0,3,15,False,14.0,0.984722222222222,0.984722222222222,0.9847222222222222,0.984722222222222
2022-05-05 16:00:00+00:00,0.0,17.8,5.0,7,23.0,3,16,False,11.0,0.988333333333333,0.988333333333333,0.988333333333333,0.988333333333333
2022-05-05 17:00:00+00:00,0.0,18.0,3.2,7,7.0,3,17,False,23.0,0.9677777777777776,0.9677777777777776,0.9677777777777776,0.9677777777777776
2022-05-05 18:00:00+00:00,0.0,16.9,4.1,7,6.0,3,18,False,7.0,0.9875000000000002,0.9875000000000002,0.9875000000000002,0.9875000000000002
2022-05-05 19:00:00+00:00,0.0,16.0,3.3,4,5.0,3,19,False,6.0,0.9502777777777776,0.9502777777777776,0.9502777777777776,0.9502777777777776
2022-05-05 20:00:00+00:00,0.0,14.0,5.2,4,4.0,3,20,False,5.0,0.9963888888888888,0.9963888888888888,0.9963888888888888,0.9963888888888888
2022-05-05 21:00:00+00:00,0.0,12.4,2.5,4,0.0,3,21,False,4.0,0.9849999999999998,0.9849999999999998,0.9849999999999998,0.9849999999999998
2022-05-05 22:00:00+00:00,0.0,12.1,1.8,2,0.0,3,22,False,0.0,0.9855555555555552,0.9855555555555552,0.9855555555555552,0.9855555555555552
2022-05-05 23:00:00+00:00,0.0,9.7,1.0,2,0.0,3,23,False,0.0,0.9661111111111108,0.9661111111111108,0.9661111111111108,0.9661111111111108
2022-05-13 00:00:00+00:00,0.0,8.2,2.7,3,0.0,4,0,False,0.0,0.9883333333333332,0.9883333333333332,0.7906666666666665,0.9883333333333332
2022-05-13 01:00:00+00:00,0.0,7.8,3.0,3,0.0,4,1,False,0.0,0.9855555555555552,0.9855555555555552,0.7884444444444442,0.9855555555555552
2022-05-13 02:00:00+00:00,0.0,7.7,2.3,3,0.0,4,2,False,0.0,0.99,0.99,0.792,0.99
2022-05-13 03:00:00+00:00,0.0,7.4,2.7,3,2.0,4,3,False,0.0,0.989444444444444,0.989444444444444,0.7915555555555552,0.989444444444444
2022-05-13 04:00:00+00:00,0.0,6.2,2.1,3,5.0,4,4,False,2.0,0.9827777777777774,0.9827777777777774,0.7862222222222219,0.9827777777777774
2022-05-13 05:00:00+00:00,0.0,6.7,1.8,3,29.0,4,5,False,5.0,0.9869444444444444,0.9869444444444444,0.7895555555555556,0.9869444444444444
2022-05-13 06:00:00+00:00,0.0,8.7,2.0,3,25.0,4,6,False,29.0,0.986111111111111,0.986111111111111,0.8692777777777778,0.986111111111111
2022-05-13 07:00:00+00:00,0.0,11.3,1.3,5,3.0,4,7,False,25.0,0.0230555555555555,0.0,0.992222222222222,0.992222222222222
2022-05-13 08:00:00+00:00,0.0,11.5,3.3,5,2.0,4,8,False,3.0,0.0,0.0,0.9894444444444448,0.9894444444444448
2022-05-13 09:00:00+00:00,0.0,11.6,4.5,5,5.0,4,9,False,2.0,0.0,0.0,0.935277777777778,0.935277777777778
2022-05-13 10:00:00+00:00,0.0,12.1,5.6,7,2.0,4,10,False,5.0,0.0,0.0,0.990277777777778,0.990277777777778
2022-05-13 11:00:00+00:00,0.0,12.2,5.0,7,3.0,4,11,False,2.0,0.0,0.0,0.9861111111111116,0.9861111111111116
2022-05-13 12:00:00+00:00,0.0,12.5,4.5,7,7.0,4,12,False,3.0,0.0,0.0,0.9813888888888886,0.9813888888888886
2022-05-13 13:00:00+00:00,0.0,13.4,5.5,7,11.0,4,13,False,7.0,0.0,0.0,0.9919444444444444,0.9919444444444444
2022-05-13 14:00:00+00:00,0.0,13.2,4.4,7,7.0,4,14,False,11.0,0.0,0.0,0.9636111111111108,0.9636111111111108
2022-05-13 15:00:00+00:00,0.0,13.7,4.4,7,12.0,4,15,False,7.0,0.8319444444444444,0.8466666666666667,0.98,0.98
2022-05-13 16:00:00+00:00,0.9,12.0,2.2,7,5.0,4,16,False,12.0,0.488888888888889,0.4661111111111112,0.9777777777777776,0.9777777777777776
2022-05-13 17:00:00+00:00,0.0,12.0,3.5,7,3.0,4,17,False,5.0,0.0,0.0,0.987222222222222,0.987222222222222
2022-05-13 18:00:00+00:00,0.1,12.0,3.5,7,5.0,4,18,False,3.0,0.0,0.0,0.985,0.985
2022-05-13 19:00:00+00:00,0.0,11.5,3.8,7,4.0,4,19,False,5.0,0.0,0.0,0.9833333333333334,0.9833333333333334
2022-05-13 20:00:00+00:00,0.2,10.4,2.6,7,2.0,4,20,False,4.0,0.0,0.0,0.9863888888888892,0.986388888888889
2022-05-13 21:00:00+00:00,0.0,10.0,2.3,7,3.0,4,21,False,2.0,0.0,0.0,0.9855555555555556,0.9855555555555556
2022-05-13 22:00:00+00:00,0.0,10.2,2.0,7,0.0,4,22,False,3.0,0.0,0.0,0.987222222222222,0.987222222222222
2022-05-13 23:00:00+00:00,0.0,9.5,2.2,7,0.0,4,23,False,0.0,0.0,0.0,0.9838888888888891,0.9838888888888891
2022-05-14 00:00:00+00:00,0.0,8.9,2.1,7,0.0,5,0,False,0.0,0.0,0.0,0.9855555555555556,0.9855555555555556
2022-05-14 01:00:00+00:00,0.0,9.8,2.2,7,0.0,5,1,False,0.0,0.0,0.0,0.9813888888888888,0.9813888888888888
2022-05-14 02:00:00+00:00,0.0,8.9,3.3,7,0.0,5,2,False,0.0,0.0,0.0,0.9852777777777778,0.9852777777777778
2022-05-14 03:00:00+00:00,0.0,6.8,1.9,7,0.0,5,3,False,0.0,0.0,0.0,0.9833333333333328,0.983333333333333
2022-05-14 04:00:00+00:00,0.0,5.6,0.4,7,1.0,5,4,False,0.0,0.0,0.0,0.9683333333333334,0.9683333333333334
2022-05-14 05:00:00+00:00,0.0,6.2,1.7,7,1.0,5,5,False,1.0,0.0,0.0,0.987222222222222,0.987222222222222
2022-05-14 06:00:00+00:00,0.0,9.4,1.9,7,0.0,5,6,False,1.0,0.0,0.0,0.9841666666666666,0.9841666666666666
2022-05-14 07:00:00+00:00,0.0,11.1,5.0,4,7.0,5,7,False,0.0,0.0,0.0,0.9911111111111108,0.9911111111111108
2022-05-14 08:00:00+00:00,0.0,12.2,6.2,4,8.0,5,8,False,7.0,0.0,0.0,0.9930555555555556,0.9930555555555556
2022-05-14 09:00:00+00:00,0.0,13.1,5.6,4,8.0,5,9,False,8.0,0.0,0.0,0.9944444444444448,0.9944444444444446
2022-05-14 10:00:00+00:00,0.0,14.1,4.6,7,12.0,5,10,False,8.0,0.0,0.0,0.9819444444444444,0.9819444444444444
2022-05-14 11:00:00+00:00,0.0,15.1,2.9,7,10.0,5,11,False,12.0,0.0,0.0,0.9830555555555556,0.9830555555555556
2022-05-14 12:00:00+00:00,0.0,15.4,4.0,7,8.0,5,12,False,10.0,0.1325,0.1480555555555555,0.9855555555555556,0.9855555555555556
2022-05-14 13:00:00+00:00,0.0,16.8,5.0,6,9.0,5,13,False,8.0,0.9941666666666668,0.9941666666666668,0.9941666666666668,0.9941666666666668
2022-05-14 14:00:00+00:00,0.0,16.6,6.2,6,11.0,5,14,False,9.0,0.9861111111111112,0.9861111111111112,0.986111111111111,0.9861111111111112
2022-05-14 15:00:00+00:00,0.0,16.5,4.4,6,11.0,5,15,False,11.0,0.9841666666666664,0.9841666666666664,0.9841666666666664,0.9841666666666664
2022-05-14 16:00:00+00:00,0.0,16.2,5.1,6,4.0,5,16,False,11.0,0.9683333333333328,0.9683333333333328,0.9683333333333328,0.9683333333333328
2022-05-14 17:00:00+00:00,0.0,16.5,5.3,6,5.0,5,17,False,4.0,0.9808333333333332,0.9808333333333332,0.9808333333333332,0.9808333333333332
2022-05-14 18:00:00+00:00,0.0,15.4,6.0,6,4.0,5,18,False,5.0,0.987777777777778,0.987777777777778,0.987777777777778,0.987777777777778
2022-05-14 19:00:00+00:00,0.0,14.1,4.3,6,3.0,5,19,False,4.0,0.9811111111111108,0.9811111111111108,0.9811111111111108,0.9811111111111108
2022-05-14 20:00:00+00:00,0.0,12.2,4.8,6,3.0,5,20,False,3.0,0.9913888888888884,0.9913888888888884,0.9913888888888884,0.9913888888888884
2022-05-14 21:00:00+00:00,0.0,10.9,4.5,6,1.0,5,21,False,3.0,0.9772222222222222,0.9772222222222222,0.9772222222222222,0.9772222222222222
2022-05-14 22:00:00+00:00,0.0,10.0,4.5,5,0.0,5,22,False,1.0,0.985,0.985,0.985,0.985
2022-05-14 23:00:00+00:00,0.0,9.6,3.5,5,0.0,5,23,False,0.0,0.9844444444444445,0.9844444444444445,0.9844444444444445,0.9844444444444445
2022-05-15 00:00:00+00:00,0.0,8.6,2.7,5,0.0,6,0,False,0.0,0.9811111111111112,0.9811111111111112,0.9811111111111112,0.9811111111111112
2022-05-15 01:00:00+00:00,0.0,7.4,1.5,5,0.0,6,1,False,0.0,0.9336111111111112,0.9336111111111112,0.9336111111111112,0.9336111111111112
2022-05-15 02:00:00+00:00,0.0,5.4,2.0,5,0.0,6,2,False,0.0,0.9936111111111108,0.9936111111111108,0.9936111111111108,0.9936111111111108
2022-05-15 03:00:00+00:00,0.0,5.0,2.2,5,2.0,6,3,False,0.0,0.9922222222222222,0.9922222222222222,0.9922222222222222,0.9922222222222222
2022-05-15 04:00:00+00:00,0.0,4.3,2.2,5,0.0,6,4,False,2.0,0.999722222222222,0.999722222222222,0.999722222222222,0.999722222222222
2022-05-15 05:00:00+00:00,0.0,5.3,2.2,5,0.0,6,5,False,0.0,0.9830555555555552,0.9830555555555552,0.9830555555555552,0.9830555555555552
2022-05-15 06:00:00+00:00,0.0,9.2,1.5,5,0.0,6,6,False,0.0,0.987222222222222,0.987222222222222,0.987222222222222,0.987222222222222
2022-05-15 07:00:00+00:00,0.0,10.4,0.6,7,3.0,6,7,False,0.0,0.9822222222222216,0.9822222222222216,0.9822222222222216,0.9822222222222216
2022-05-15 08:00:00+00:00,0.0,12.8,1.6,7,6.0,6,8,False,3.0,0.9877777777777776,0.9877777777777776,0.9877777777777776,0.9877777777777776
2022-05-15 09:00:00+00:00,0.0,13.2,2.7,7,6.0,6,9,False,6.0,0.9797222222222224,0.9797222222222224,0.9797222222222224,0.9797222222222224
2022-05-15 10:00:00+00:00,0.0,14.3,2.2,3,7.0,6,10,False,6.0,0.9925,0.9925,0.9925,0.9925
2022-05-15 11:00:00+00:00,0.0,17.0,1.9,3,15.0,6,11,False,7.0,0.986388888888889,0.986388888888889,0.9863888888888892,0.986388888888889
2022-05-15 12:00:00+00:00,0.0,15.5,4.4,3,15.0,6,12,False,15.0,0.9905555555555556,0.9905555555555556,0.9905555555555556,0.9905555555555556
2022-05-15 13:00:00+00:00,0.0,15.7,2.6,7,8.0,6,13,False,15.0,0.9358333333333334,0.9358333333333334,0.9358333333333334,0.9358333333333334
2022-05-15 14:00:00+00:00,0.0,16.1,3.2,7,7.0,6,14,False,8.0,0.9841666666666664,0.9841666666666664,0.9841666666666664,0.9841666666666664
2022-05-15 15:00:00+00:00,0.0,16.1,3.8,7,8.0,6,15,False,7.0,0.985,0.985,0.985,0.985
2022-05-15 16:00:00+00:00,0.0,15.6,2.4,7,6.0,6,16,False,8.0,1.0000000000000002,1.0000000000000002,1.0000000000000002,1.0000000000000002
2022-05-15 17:00:00+00:00,0.0,16.1,2.0,7,4.0,6,17,False,6.0,0.9361111111111112,0.9361111111111112,0.9361111111111112,0.9361111111111112
2022-05-15 18:00:00+00:00,0.0,16.6,2.0,7,3.0,6,18,False,4.0,0.9855555555555556,0.9855555555555556,0.9855555555555556,0.9855555555555556
2022-05-15 19:00:00+00:00,0.0,15.2,1.3,5,2.0,6,19,False,3.0,0.978888888888889,0.978888888888889,0.9788888888888888,0.978888888888889
2022-05-15 20:00:00+00:00,0.0,15.1,3.4,5,4.0,6,20,False,2.0,0.9836111111111112,0.9836111111111112,0.9836111111111112,0.9836111111111112
2022-05-15 21:00:00+00:00,0.0,13.0,4.2,5,2.0,6,21,False,4.0,0.987777777777778,0.987777777777778,0.987777777777778,0.987777777777778
2022-05-15 22:00:00+00:00,0.0,12.6,4.7,2,0.0,6,22,False,2.0,0.982222222222222,0.982222222222222,0.982222222222222,0.982222222222222
2022-05-15 23:00:00+00:00,0.0,11.6,4.9,2,0.0,6,23,False,0.0,0.982777777777778,0.982777777777778,0.982777777777778,0.982777777777778
2022-05-16 00:00:00+00:00,0.0,11.5,6.7,2,0.0,0,0,False,0.0,0.9808333333333334,0.9808333333333334,0.9808333333333332,0.9808333333333334
2022-05-16 01:00:00+00:00,0.0,10.1,5.5,2,0.0,0,1,False,0.0,0.9958333333333332,0.9958333333333332,0.9958333333333332,0.9958333333333332
2022-05-16 02:00:00+00:00,0.0,8.6,4.4,2,0.0,0,2,False,0.0,0.99,0.99,0.99,0.99
2022-05-16 03:00:00+00:00,0.0,7.3,2.3,2,0.0,0,3,False,0.0,0.9666666666666665,0.9666666666666665,0.9666666666666665,0.9666666666666665
2022-05-16 04:00:00+00:00,0.0,7.1,2.4,2,5.0,0,4,False,0.0,0.9905555555555552,0.9905555555555552,0.9905555555555552,0.9905555555555552
2022-05-16 05:00:00+00:00,0.0,7.1,3.2,2,22.0,0,5,False,5.0,0.9941666666666666,0.9941666666666666,0.9941666666666666,0.9941666666666666
2022-05-16 06:00:00+00:00,0.0,7.1,3.6,2,15.0,0,6,False,22.0,0.9874999999999998,0.9874999999999998,0.9874999999999998,0.9874999999999998
2022-05-16 07:00:00+00:00,0.0,7.3,6.1,3,5.0,0,7,False,15.0,0.9894444444444443,0.9894444444444443,0.9894444444444443,0.9894444444444443
2022-05-16 08:00:00+00:00,0.0,8.6,4.6,3,4.0,0,8,False,5.0,0.990277777777778,0.990277777777778,0.990277777777778,0.990277777777778
2022-05-16 09:00:00+00:00,0.0,10.1,3.9,3,5.0,0,9,False,4.0,0.985,0.985,0.985,0.985
2022-05-16 10:00:00+00:00,0.0,11.9,2.6,3,2.0,0,10,False,5.0,0.9944444444444444,0.9944444444444444,0.9944444444444442,0.9944444444444444
2022-05-16 11:00:00+00:00,0.0,13.0,2.6,3,2.0,0,11,False,2.0,0.9888888888888888,0.9888888888888888,0.9888888888888888,0.9888888888888888
2022-05-16 12:00:00+00:00,0.0,14.8,3.4,3,6.0,0,12,False,2.0,0.967222222222222,0.967222222222222,0.967222222222222,0.967222222222222
2022-05-16 13:00:00+00:00,0.0,14.6,3.0,4,8.0,0,13,False,6.0,0.9636111111111112,0.9636111111111112,0.9636111111111112,0.9636111111111112
2022-05-16 14:00:00+00:00,0.0,15.6,2.0,4,11.0,0,14,False,8.0,0.9825,0.9825,0.9825000000000002,0.9825
2022-05-16 15:00:00+00:00,0.0,16.6,2.2,4,11.0,0,15,False,11.0,0.9813888888888888,0.9813888888888888,0.9813888888888888,0.9813888888888888
2022-05-16 16:00:00+00:00,0.0,17.5,1.5,3,9.0,0,16,False,11.0,0.9875000000000006,0.9875000000000006,0.9875000000000004,0.9875000000000006
2022-05-16 17:00:00+00:00,0.0,16.9,2.8,3,12.0,0,17,False,9.0,0.9858333333333332,0.9858333333333332,0.9858333333333332,0.9858333333333332
2022-05-16 18:00:00+00:00,0.0,16.6,2.5,3,6.0,0,18,False,12.0,0.986388888888889,0.986388888888889,0.9863888888888892,0.986388888888889
2022-05-16 19:00:00+00:00,0.0,15.8,3.4,2,6.0,0,19,False,6.0,0.9816666666666668,0.9816666666666668,0.9816666666666668,0.9816666666666668
2022-05-16 20:00:00+00:00,0.0,14.8,2.6,2,2.0,0,20,False,6.0,0.9797222222222222,0.9797222222222222,0.979722222222222,0.9797222222222222
2022-05-16 21:00:00+00:00,0.0,10.4,2.4,2,3.0,0,21,False,2.0,0.9880555555555556,0.9880555555555556,0.9880555555555556,0.9880555555555556
2022-05-16 22:00:00+00:00,0.0,8.7,2.2,1,3.0,0,22,False,3.0,0.9883333333333332,0.9883333333333332,0.9883333333333332,0.9883333333333332
2022-05-16 23:00:00+00:00,0.0,9.7,4.9,1,0.0,0,23,False,3.0,0.9691666666666668,0.9691666666666668,0.9691666666666668,0.9691666666666668
2022-05-17 00:00:00+00:00,0.0,9.8,4.6,1,0.0,1,0,False,0.0,0.9913888888888888,0.9913888888888888,0.9913888888888888,0.9913888888888888
2022-05-17 01:00:00+00:00,0.0,9.3,4.9,1,0.0,1,1,False,0.0,0.9647222222222224,0.9647222222222224,0.9647222222222224,0.9647222222222224
2022-05-17 02:00:00+00:00,0.0,8.4,4.8,1,0.0,1,2,False,0.0,0.9877777777777778,0.9877777777777778,0.987777777777778,0.9877777777777778
2022-05-17 03:00:00+00:00,0.0,7.4,4.4,1,0.0,1,3,False,0.0,0.9894444444444448,0.9894444444444448,0.9894444444444448,0.9894444444444448
2022-05-17 04:00:00+00:00,0.0,6.6,4.0,1,0.0,1,4,False,0.0,0.9841666666666672,0.9841666666666672,0.9841666666666672,0.9841666666666672
2022-05-17 05:00:00+00:00,0.0,6.4,4.0,1,0.0,1,5,False,0.0,0.9925000000000002,0.9925000000000002,0.9925,0.9925000000000002
2022-05-17 06:00:00+00:00,0.0,7.4,3.9,1,0.0,1,6,False,0.0,0.9863888888888892,0.9863888888888892,0.9863888888888892,0.9863888888888892
2022-05-17 07:00:00+00:00,0.0,8.4,3.3,1,0.0,1,7,False,0.0,0.9811111111111108,0.9811111111111108,0.9811111111111108,0.9811111111111108
2022-05-17 08:00:00+00:00,0.0,9.4,2.4,1,0.0,1,8,False,0.0,0.987222222222222,0.987222222222222,0.987222222222222,0.987222222222222
2022-05-17 09:00:00+00:00,0.0,10.9,2.5,1,0.0,1,9,False,0.0,0.984722222222222,0.984722222222222,0.9847222222222222,0.984722222222222
2022-05-17 10:00:00+00:00,0.0,12.2,1.6,1,0.0,1,10,False,0.0,0.9847222222222224,0.9847222222222224,0.9847222222222224,0.9847222222222224
2022-05-17 11:00:00+00:00,0.0,13.1,2.3,1,0.0,1,11,False,0.0,0.9997222222222222,0.9997222222222222,0.9997222222222222,0.9997222222222222
2022-05-17 12:00:00+00:00,0.0,15.0,2.0,1,6.0,1,12,False,0.0,0.9849999999999998,0.9849999999999998,0.9849999999999998,0.9849999999999998
2022-05-17 13:00:00+00:00,0.0,16.1,2.6,1,2.0,1,13,False,6.0,0.9838888888888888,0.9838888888888888,0.9838888888888888,0.9838888888888888
2022-05-17 14:00:00+00:00,0.0,16.9,2.3,1,0.0,1,14,False,2.0,0.9847222222222222,0.9847222222222222,0.9847222222222222,0.9847222222222222
2022-05-17 15:00:00+00:00,0.0,17.5,2.2,1,5.0,1,15,False,0.0,0.9891666666666667,0.9891666666666667,0.9891666666666667,0.9891666666666667
2022-05-17 16:00:00+00:00,0.0,18.0,2.5,2,8.0,1,16,False,5.0,0.9741666666666664,0.9741666666666664,0.9741666666666664,0.9741666666666664
2022-05-17 17:00:00+00:00,0.0,18.2,2.8,2,5.0,1,17,False,8.0,0.9808333333333332,0.9808333333333332,0.9808333333333332,0.9808333333333332
2022-05-17 18:00:00+00:00,0.0,17.5,1.7,2,3.0,1,18,False,5.0,0.9833333333333332,0.9833333333333332,0.9833333333333332,0.9833333333333332
2022-05-17 19:00:00+00:00,0.0,16.5,3.3,2,5.0,1,19,False,3.0,0.9986111111111112,0.9986111111111112,0.8177777777777779,0.9986111111111112
2022-05-17 20:00:00+00:00,0.0,14.5,2.3,2,2.0,1,20,False,5.0,0.9825,0.9825,0.786,0.9825
2022-05-17 21:00:00+00:00,0.0,13.0,1.7,2,2.0,1,21,False,2.0,0.985833333333333,0.985833333333333,0.8616666666666664,0.985833333333333
2022-05-17 22:00:00+00:00,0.0,9.7,0.1,0,0.0,1,22,False,2.0,0.9991666666666668,0.9991666666666668,0.9991666666666668,0.9991666666666668
2022-05-17 23:00:00+00:00,0.0,7.9,1.3,0,0.0,1,23,False,0.0,0.983611111111111,0.983611111111111,0.9268333333333332,0.983611111111111
2022-05-18 00:00:00+00:00,0.0,6.9,1.7,0,0.0,2,0,False,0.0,0.9480555555555554,0.9480555555555554,0.7584444444444444,0.9480555555555554
2022-05-18 01:00:00+00:00,0.0,5.7,1.3,0,0.0,2,1,False,0.0,0.9819444444444444,0.9819444444444444,0.7855555555555556,0.9819444444444444
2022-05-18 02:00:00+00:00,0.0,5.1,1.0,0,0.0,2,2,False,0.0,0.9888888888888888,0.9888888888888888,0.7911111111111111,0.9888888888888888
2022-05-18 03:00:00+00:00,0.0,4.5,1.4,0,0.0,2,3,False,0.0,0.9938888888888886,0.9938888888888886,0.7951111111111109,0.9938888888888886
2022-05-18 04:00:00+00:00,0.0,3.9,1.1,0,1.0,2,4,False,0.0,0.981944444444444,0.981944444444444,0.7855555555555551,0.981944444444444
2022-05-18 05:00:00+00:00,0.0,5.3,1.3,0,20.0,2,5,False,1.0,0.9838888888888884,0.9838888888888884,0.7871111111111107,0.9838888888888884
2022-05-18 06:00:00+00:00,0.0,8.5,0.6,0,32.0,2,6,False,20.0,0.979722222222222,0.979722222222222,0.9389999999999998,0.979722222222222
2022-05-18 07:00:00+00:00,0.0,11.6,1.0,2,5.0,2,7,False,32.0,0.9686111111111112,0.9686111111111112,0.9686111111111112,0.9686111111111112
2022-05-18 08:00:00+00:00,0.0,12.9,2.2,2,3.0,2,8,False,5.0,0.9830555555555552,0.9830555555555552,0.9830555555555552,0.9830555555555552
2022-05-18 09:00:00+00:00,0.0,14.9,2.3,2,4.0,2,9,False,3.0,0.9999999999999998,0.9999999999999998,0.9999999999999998,0.9999999999999998
2022-05-18 10:00:00+00:00,0.0,16.4,2.7,5,3.0,2,10,False,4.0,0.953611111111111,0.953611111111111,0.953611111111111,0.953611111111111
2022-05-18 11:00:00+00:00,0.0,15.9,4.1,5,0.0,2,11,False,3.0,0.989722222222222,0.989722222222222,0.9897222222222218,0.989722222222222
2022-05-18 12:00:00+00:00,0.0,15.3,4.4,5,5.0,2,12,False,0.0,0.9841666666666666,0.9841666666666666,0.9841666666666666,0.9841666666666666
2022-05-18 13:00:00+00:00,0.0,15.1,5.0,7,3.0,2,13,False,5.0,0.9836111111111115,0.9836111111111115,0.9836111111111115,0.9836111111111115
2022-05-18 14:00:00+00:00,0.0,14.5,4.3,7,6.0,2,14,False,3.0,0.9838888888888884,0.9838888888888884,0.9838888888888884,0.9838888888888884
2022-05-18 15:00:00+00:00,1.0,11.7,2.8,7,3.0,2,15,False,6.0,0.9861111111111108,0.9861111111111108,0.9861111111111108,0.9861111111111108
2022-05-18 16:00:00+00:00,0.7,11.0,3.0,8,1.0,2,16,False,3.0,0.9561111111111108,0.9561111111111108,0.9561111111111108,0.9561111111111108
2022-05-18 17:00:00+00:00,0.1,10.9,2.9,8,3.0,2,17,False,1.0,0.9705555555555554,0.9705555555555554,0.9705555555555554,0.9705555555555554
2022-05-18 18:00:00+00:00,0.0,11.1,3.5,8,7.0,2,18,False,3.0,0.9811111111111108,0.9811111111111108,0.9811111111111108,0.9811111111111108
2022-05-18 19:00:00+00:00,0.0,11.2,3.0,7,3.0,2,19,False,7.0,0.9866666666666664,0.9866666666666664,0.9866666666666664,0.9866666666666664
2022-05-18 20:00:00+00:00,0.0,11.1,1.7,7,4.0,2,20,False,3.0,0.9811111111111108,0.9811111111111108,0.9811111111111108,0.9811111111111108
2022-05-18 21:00:00+00:00,0.0,10.9,2.3,7,0.0,2,21,False,4.0,0.9905555555555556,0.9905555555555556,0.9905555555555556,0.9905555555555556
2022-05-18 22:00:00+00:00,0.0,10.7,1.7,7,0.0,2,22,False,0.0,0.9883333333333332,0.9883333333333332,0.9883333333333332,0.9883333333333332
2022-05-18 23:00:00+00:00,0.0,10.5,1.4,7,0.0,2,23,False,0.0,0.9894444444444446,0.9894444444444446,0.9894444444444446,0.9894444444444446
2022-05-19 00:00:00+00:00,0.0,10.3,1.7,7,0.0,3,0,False,0.0,0.9808333333333332,0.9808333333333332,0.9808333333333332,0.9808333333333332
2022-05-19 01:00:00+00:00,0.0,10.1,0.9,7,0.0,3,1,False,0.0,0.983888888888889,0.983888888888889,0.983888888888889,0.983888888888889
2022-05-19 02:00:00+00:00,0.0,10.0,0.4,7,0.0,3,2,False,0.0,0.9863888888888892,0.9863888888888892,0.9863888888888892,0.9863888888888892
2022-05-19 03:00:00+00:00,0.0,10.0,0.9,7,0.0,3,3,False,0.0,0.985,0.985,0.985,0.985
2022-05-19 04:00:00+00:00,0.0,9.2,1.8,7,5.0,3,4,False,0.0,0.9838888888888888,0.9838888888888888,0.9838888888888888,0.9838888888888888
2022-05-19 05:00:00+00:00,0.0,8.1,2.7,7,20.0,3,5,False,5.0,0.987222222222222,0.987222222222222,0.987222222222222,0.987222222222222
2022-05-19 06:00:00+00:00,0.0,9.3,1.1,7,22.0,3,6,False,20.0,0.9908333333333332,0.9908333333333332,0.9908333333333332,0.9908333333333332
2022-05-19 07:00:00+00:00,0.0,10.0,2.2,7,3.0,3,7,False,22.0,0.9941666666666668,0.9941666666666668,0.9941666666666668,0.9941666666666668
2022-05-19 08:00:00+00:00,0.0,10.6,2.4,7,0.0,3,8,False,3.0,0.9899999999999998,0.9899999999999998,0.99,0.9899999999999998
2022-05-19 09:00:00+00:00,0.0,12.1,2.2,7,1.0,3,9,False,0.0,0.9999999999999996,0.9999999999999996,0.9999999999999996,0.9999999999999996
2022-05-19 10:00:00+00:00,0.0,13.2,1.3,7,1.0,3,10,False,1.0,0.991111111111111,0.991111111111111,0.9911111111111112,0.991111111111111
2022-05-19 11:00:00+00:00,0.0,14.5,0.8,7,4.0,3,11,False,1.0,0.983333333333333,0.983333333333333,0.9833333333333328,0.983333333333333
2022-05-19 12:00:00+00:00,0.0,14.1,1.2,7,2.0,3,12,False,4.0,0.9847222222222222,0.9847222222222222,0.9847222222222222,0.9847222222222222
2022-05-19 13:00:00+00:00,0.0,15.1,1.7,8,6.0,3,13,False,2.0,0.9838888888888888,0.9838888888888888,0.9838888888888888,0.9838888888888888
2022-05-19 14:00:00+00:00,0.0,15.7,1.9,8,12.0,3,14,False,6.0,0.9849999999999998,0.9849999999999998,0.9849999999999998,0.9849999999999998
2022-05-19 15:00:00+00:00,0.0,15.5,1.7,8,8.0,3,15,False,12.0,0.982222222222222,0.982222222222222,0.982222222222222,0.982222222222222
2022-05-19 16:00:00+00:00,0.0,15.5,2.0,8,12.0,3,16,False,8.0,0.978611111111111,0.978611111111111,0.978611111111111,0.978611111111111
2022-05-19 17:00:00+00:00,0.0,16.5,1.3,8,9.0,3,17,False,12.0,0.9908333333333328,0.9908333333333328,0.9908333333333328,0.9908333333333328
2022-05-19 18:00:00+00:00,0.0,15.8,2.0,8,10.0,3,18,False,9.0,0.9833333333333334,0.9833333333333334,0.9833333333333334,0.9833333333333334
2022-05-19 19:00:00+00:00,0.0,15.3,0.3,7,4.0,3,19,False,10.0,0.9636111111111108,0.9636111111111108,0.9636111111111108,0.9636111111111108
2022-05-19 20:00:00+00:00,0.0,15.0,0.8,7,6.0,3,20,False,4.0,0.9733333333333332,0.9733333333333332,0.973333333333333,0.9733333333333332
2022-05-19 21:00:00+00:00,0.0,13.6,1.2,7,3.0,3,21,False,6.0,0.9911111111111108,0.9911111111111108,0.9911111111111108,0.9911111111111108
2022-05-19 22:00:00+00:00,0.0,13.2,1.7,7,1.0,3,22,False,3.0,0.9891666666666662,0.9891666666666662,0.9891666666666662,0.9891666666666662
2022-05-19 23:00:00+00:00,0.0,12.3,0.8,7,0.0,3,23,False,1.0,0.9855555555555554,0.9855555555555554,0.9855555555555554,0.9855555555555554
2022-05-20 00:00:00+00:00,0.0,11.7,1.9,7,0.0,4,0,False,0.0,0.9999999999999998,0.9999999999999998,0.9999999999999998,0.9999999999999998
2022-05-20 01:00:00+00:00,0.0,11.3,1.0,7,0.0,4,1,False,0.0,0.981111111111111,0.981111111111111,0.981111111111111,0.981111111111111
2022-05-20 02:00:00+00:00,0.0,11.6,1.4,7,0.0,4,2,False,0.0,0.985,0.985,0.985,0.985
2022-05-20 03:00:00+00:00,0.0,11.4,1.4,7,0.0,4,3,False,0.0,0.9825,0.9825,0.9825000000000002,0.9825
2022-05-20 04:00:00+00:00,0.0,11.3,1.7,7,5.0,4,4,False,0.0,0.9813888888888888,0.9813888888888888,0.9813888888888888,0.9813888888888888
2022-05-20 05:00:00+00:00,0.0,11.3,0.7,7,15.0,4,5,False,5.0,0.9858333333333332,0.9858333333333332,0.9858333333333332,0.9858333333333332
2022-05-20 06:00:00+00:00,0.0,11.6,0.7,7,24.0,4,6,False,15.0,0.9991666666666666,0.9991666666666666,0.9991666666666668,0.9991666666666666
2022-05-20 07:00:00+00:00,0.0,12.6,1.3,6,4.0,4,7,False,24.0,0.987222222222222,0.987222222222222,0.987222222222222,0.987222222222222
2022-05-20 08:00:00+00:00,0.0,15.1,1.3,6,1.0,4,8,False,4.0,0.992222222222222,0.992222222222222,0.992222222222222,0.992222222222222
2022-05-20 09:00:00+00:00,0.0,16.9,3.4,6,3.0,4,9,False,1.0,0.9883333333333334,0.9883333333333334,0.9883333333333336,0.9883333333333334
2022-05-20 10:00:00+00:00,0.0,18.4,3.2,3,3.0,4,10,False,3.0,0.989722222222222,0.989722222222222,0.9897222222222218,0.989722222222222
2022-05-20 11:00:00+00:00,0.0,19.3,2.8,3,4.0,4,11,False,3.0,0.987222222222222,0.987222222222222,0.987222222222222,0.987222222222222
2022-05-20 12:00:00+00:00,0.0,18.3,4.3,3,4.0,4,12,False,4.0,0.985,0.985,0.985,0.985
2022-05-20 13:00:00+00:00,0.0,18.6,4.3,4,15.0,4,13,False,4.0,0.9869444444444444,0.9869444444444444,0.9869444444444444,0.9869444444444444
2022-05-20 14:00:00+00:00,0.0,18.2,5.9,4,18.0,4,14,False,15.0,0.9988888888888884,0.9988888888888884,0.9988888888888884,0.9988888888888884
2022-05-20 15:00:00+00:00,0.0,18.1,3.3,4,14.0,4,15,False,18.0,0.9513888888888884,0.9513888888888884,0.9513888888888884,0.9513888888888884
2022-05-20 16:00:00+00:00,0.0,16.9,5.3,4,12.0,4,16,False,14.0,0.9833333333333336,0.9833333333333336,0.9833333333333336,0.9833333333333336
2022-05-20 17:00:00+00:00,0.0,16.7,5.3,4,11.0,4,17,False,12.0,0.9916666666666664,0.9916666666666664,0.9916666666666664,0.9916666666666664
2022-05-20 18:00:00+00:00,0.0,16.3,3.9,4,5.0,4,18,False,11.0,0.9919444444444444,0.9919444444444444,0.9919444444444444,0.9919444444444444
2022-05-20 19:00:00+00:00,0.0,15.2,4.1,7,5.0,4,19,False,5.0,0.9819444444444444,0.9819444444444444,0.9819444444444444,0.9819444444444444
2022-05-20 20:00:00+00:00,0.0,14.5,2.3,7,4.0,4,20,False,5.0,0.9927777777777772,0.9927777777777772,0.9927777777777772,0.9927777777777772
2022-05-20 21:00:00+00:00,0.1,13.4,4.3,7,6.0,4,21,False,4.0,0.9838888888888888,0.9838888888888888,0.9838888888888888,0.9838888888888888
2022-05-20 22:00:00+00:00,0.3,12.5,3.2,7,0.0,4,22,False,6.0,0.9994444444444444,0.9994444444444444,0.9994444444444444,0.9994444444444444
2022-05-20 23:00:00+00:00,2.9,11.5,3.1,7,0.0,4,23,False,0.0,0.9822222222222222,0.9822222222222222,0.9822222222222224,0.9822222222222222
2022-05-21 00:00:00+00:00,0.3,11.6,1.8,7,0.0,5,0,False,0.0,0.9869444444444444,0.9869444444444444,0.9869444444444444,0.9869444444444444
2022-05-21 01:00:00+00:00,1.5,11.3,2.5,7,0.0,5,1,False,0.0,0.9927777777777778,0.9927777777777778,0.9927777777777778,0.9927777777777778
2022-05-21 02:00:00+00:00,0.0,11.4,1.6,7,0.0,5,2,False,0.0,0.9666666666666668,0.9666666666666668,0.9666666666666668,0.9666666666666668
2022-05-21 03:00:00+00:00,1.0,11.0,1.4,7,0.0,5,3,False,0.0,0.982222222222222,0.982222222222222,0.982222222222222,0.982222222222222
2022-05-21 04:00:00+00:00,0.0,10.9,0.8,7,0.0,5,4,False,0.0,0.9927777777777782,0.9927777777777782,0.9927777777777782,0.9927777777777782
2022-05-21 05:00:00+00:00,0.0,11.1,1.2,7,1.0,5,5,False,0.0,0.93,0.93,0.93,0.93
2022-05-21 06:00:00+00:00,0.0,11.3,1.2,7,4.0,5,6,False,1.0,0.9866666666666668,0.9866666666666668,0.9866666666666668,0.9866666666666668
2022-05-21 07:00:00+00:00,0.0,11.3,2.3,8,6.0,5,7,False,4.0,0.9508333333333332,0.9508333333333332,0.9508333333333332,0.9508333333333332
2022-05-21 08:00:00+00:00,1.0,10.7,3.2,8,4.0,5,8,False,6.0,0.9877777777777776,0.9877777777777776,0.9877777777777776,0.9877777777777776
2022-05-21 09:00:00+00:00,0.3,10.3,3.9,8,2.0,5,9,False,4.0,0.9872222222222224,0.9872222222222224,0.9872222222222224,0.9872222222222224
2022-05-21 10:00:00+00:00,0.0,9.6,3.7,8,1.0,5,10,False,2.0,0.9869444444444444,0.9869444444444444,0.9869444444444444,0.9869444444444444
2022-05-21 11:00:00+00:00,0.3,9.5,3.5,8,4.0,5,11,False,1.0,0.9883333333333332,0.9883333333333332,0.9883333333333332,0.9883333333333332
2022-05-21 12:00:00+00:00,0.2,10.2,1.7,8,3.0,5,12,False,4.0,0.9844444444444445,0.9844444444444445,0.9844444444444445,0.9844444444444445
2022-05-21 13:00:00+00:00,0.1,10.9,2.8,8,7.0,5,13,False,3.0,0.9419444444444446,0.9419444444444446,0.9419444444444446,0.9419444444444446
2022-05-21 14:00:00+00:00,0.0,11.3,2.0,8,5.0,5,14,False,7.0,0.983611111111111,0.983611111111111,0.983611111111111,0.983611111111111
2022-05-21 15:00:00+00:00,0.0,11.6,1.9,8,4.0,5,15,False,5.0,0.981111111111111,0.981111111111111,0.981111111111111,0.981111111111111
2022-05-21 16:00:00+00:00,0.0,11.3,2.3,8,4.0,5,16,False,4.0,0.9850000000000002,0.9850000000000002,0.985,0.9850000000000002
2022-05-21 17:00:00+00:00,0.0,11.7,1.6,8,9.0,5,17,False,4.0,0.9927777777777778,0.9927777777777778,0.9927777777777778,0.9927777777777778
2022-05-21 18:00:00+00:00,0.0,12.1,1.3,8,3.0,5,18,False,9.0,0.9813888888888888,0.9813888888888888,0.9813888888888888,0.9813888888888888
2022-05-21 19:00:00+00:00,0.0,10.9,1.9,7,3.0,5,19,False,3.0,0.9469444444444446,0.9469444444444446,0.9469444444444444,0.9469444444444446
2022-05-21 20:00:00+00:00,0.1,10.6,0.8,7,3.0,5,20,False,3.0,0.9908333333333336,0.9908333333333336,0.9908333333333336,0.9908333333333336
2022-05-21 21:00:00+00:00,0.0,10.5,0.3,7,0.0,5,21,False,3.0,0.985,0.985,0.985,0.985
2022-05-21 22:00:00+00:00,0.0,10.3,1.7,8,1.0,5,22,False,0.0,0.9833333333333336,0.9833333333333336,0.9833333333333336,0.9833333333333336
2022-05-21 23:00:00+00:00,0.0,10.1,0.5,8,0.0,5,23,False,1.0,0.9852777777777778,0.9852777777777778,0.9852777777777778,0.9852777777777778
2022-05-22 00:00:00+00:00,0.0,9.8,1.1,8,0.0,6,0,False,0.0,0.985277777777778,0.985277777777778,0.985277777777778,0.985277777777778
2022-05-22 01:00:00+00:00,0.0,9.6,1.3,8,0.0,6,1,False,0.0,0.9797222222222224,0.9797222222222224,0.9797222222222224,0.9797222222222224
2022-05-22 02:00:00+00:00,0.0,9.5,1.4,8,0.0,6,2,False,0.0,0.9833333333333332,0.9833333333333332,0.9833333333333332,0.9833333333333332
2022-05-22 03:00:00+00:00,0.0,9.3,1.3,8,0.0,6,3,False,0.0,0.984722222222222,0.984722222222222,0.9847222222222222,0.984722222222222
2022-05-22 04:00:00+00:00,0.0,9.4,1.3,8,0.0,6,4,False,0.0,0.98,0.98,0.98,0.98
2022-05-22 05:00:00+00:00,0.0,9.7,1.8,8,3.0,6,5,False,0.0,0.9855555555555556,0.9855555555555556,0.9855555555555556,0.9855555555555556
2022-05-22 06:00:00+00:00,0.0,10.3,0.3,8,3.0,6,6,False,3.0,0.9838888888888888,0.9838888888888888,0.9838888888888888,0.9838888888888888
2022-05-22 07:00:00+00:00,0.0,10.9,1.0,7,2.0,6,7,False,3.0,0.9858333333333336,0.9858333333333336,0.9858333333333336,0.9858333333333336
2022-05-22 08:00:00+00:00,0.0,11.6,0.9,7,6.0,6,8,False,2.0,0.9936111111111112,0.9936111111111112,0.9936111111111112,0.9936111111111112
2022-05-22 09:00:00+00:00,0.0,12.8,1.7,7,8.0,6,9,False,6.0,0.9813888888888892,0.9813888888888892,0.9813888888888892,0.9813888888888892
2022-05-22 10:00:00+00:00,0.0,13.8,2.6,7,4.0,6,10,False,8.0,0.9999999999999998,0.9999999999999998,0.9999999999999998,0.9999999999999998
2022-05-22 11:00:00+00:00,0.0,16.0,2.7,7,6.0,6,11,False,4.0,0.9883333333333332,0.9883333333333332,0.9883333333333332,0.9883333333333332
2022-05-22 12:00:00+00:00,0.0,15.4,2.5,7,12.0,6,12,False,6.0,0.9816666666666664,0.9816666666666664,0.9816666666666662,0.9816666666666664
2022-05-22 13:00:00+00:00,0.0,16.7,2.7,6,15.0,6,13,False,12.0,0.9866666666666668,0.9866666666666668,0.9866666666666668,0.9866666666666668
2022-05-22 14:00:00+00:00,0.0,15.6,2.6,6,10.0,6,14,False,15.0,0.9794444444444445,0.9794444444444445,0.9794444444444445,0.9794444444444445
2022-05-22 15:00:00+00:00,0.0,15.9,3.4,6,10.0,6,15,False,10.0,0.9805555555555552,0.9805555555555552,0.9805555555555552,0.9805555555555552
2022-05-22 16:00:00+00:00,0.0,15.9,2.1,4,9.0,6,16,False,10.0,0.9830555555555556,0.9830555555555556,0.9830555555555556,0.9830555555555556
2022-05-22 17:00:00+00:00,0.0,16.6,2.0,4,9.0,6,17,False,9.0,0.985,0.985,0.985,0.985
2022-05-22 18:00:00+00:00,0.0,16.6,3.0,4,5.0,6,18,False,9.0,0.9838888888888888,0.9838888888888888,0.9838888888888888,0.9838888888888888
2022-05-22 19:00:00+00:00,0.0,15.3,3.2,5,2.0,6,19,False,5.0,0.9905555555555552,0.9905555555555552,0.9905555555555552,0.9905555555555552
2022-05-22 20:00:00+00:00,0.0,13.7,3.2,5,0.0,6,20,False,2.0,0.9683333333333334,0.9683333333333334,0.9683333333333334,0.9683333333333334
2022-05-22 21:00:00+00:00,0.0,12.6,3.0,5,5.0,6,21,False,0.0,0.9874999999999996,0.9874999999999996,0.9874999999999996,0.9874999999999996
2022-05-22 22:00:00+00:00,0.0,11.3,2.1,5,0.0,6,22,False,5.0,0.9894444444444443,0.9894444444444443,0.9894444444444443,0.9894444444444443
2022-05-22 23:00:00+00:00,0.0,10.7,2.8,5,0.0,6,23,False,0.0,0.9511111111111112,0.9511111111111112,0.9511111111111112,0.9511111111111112
2022-05-23 00:00:00+00:00,0.0,10.1,2.3,5,0.0,0,0,False,0.0,0.9869444444444444,0.9869444444444444,0.9869444444444444,0.9869444444444444
2022-05-23 01:00:00+00:00,0.0,10.6,2.1,5,0.0,0,1,False,0.0,0.9908333333333336,0.9908333333333336,0.9908333333333336,0.9908333333333336
2022-05-23 02:00:00+00:00,0.0,10.6,1.1,5,0.0,0,2,False,0.0,0.931944444444444,0.931944444444444,0.931944444444444,0.931944444444444
2022-05-23 03:00:00+00:00,0.0,10.4,1.5,5,1.0,0,3,False,0.0,0.9858333333333328,0.9858333333333328,0.9858333333333328,0.9858333333333328
2022-05-23 04:00:00+00:00,0.0,10.5,1.4,5,5.0,0,4,False,1.0,0.9858333333333332,0.9858333333333332,0.9858333333333332,0.9858333333333332
2022-05-23 05:00:00+00:00,0.0,10.9,2.1,5,28.0,0,5,False,5.0,0.9927777777777776,0.9927777777777776,0.9927777777777778,0.9927777777777776
2022-05-23 06:00:00+00:00,0.0,11.3,2.5,5,15.0,0,6,False,28.0,0.9794444444444442,0.9794444444444442,0.9794444444444442,0.9794444444444442
2022-05-23 07:00:00+00:00,0.0,11.7,3.0,8,3.0,0,7,False,15.0,0.9775,0.9775,0.9775,0.9775
2022-05-23 08:00:00+00:00,0.0,12.3,3.6,8,4.0,0,8,False,3.0,0.984722222222222,0.984722222222222,0.9847222222222222,0.984722222222222
2022-05-23 09:00:00+00:00,0.0,13.1,2.6,8,3.0,0,9,False,4.0,0.9991666666666666,0.9991666666666666,0.9991666666666668,0.9991666666666666
2022-05-23 10:00:00+00:00,0.0,16.3,4.5,7,3.0,0,10,False,3.0,0.9838888888888888,0.9838888888888888,0.9838888888888888,0.9838888888888888
2022-05-23 11:00:00+00:00,0.0,16.0,4.4,7,4.0,0,11,False,3.0,0.9641666666666666,0.9641666666666666,0.9641666666666666,0.9641666666666666
2022-05-23 12:00:00+00:00,0.0,16.5,5.8,7,4.0,0,12,False,4.0,0.9841666666666667,0.9841666666666667,0.9841666666666666,0.9841666666666667
2022-05-23 13:00:00+00:00,0.0,16.2,3.9,7,3.0,0,13,False,4.0,0.9816666666666668,0.9816666666666668,0.9816666666666668,0.9816666666666668
2022-05-23 14:00:00+00:00,0.0,16.8,4.9,7,12.0,0,14,False,3.0,0.9852777777777776,0.9852777777777776,0.9852777777777776,0.9852777777777776
2022-05-23 15:00:00+00:00,0.0,17.0,4.9,7,9.0,0,15,False,12.0,0.987777777777778,0.987777777777778,0.987777777777778,0.987777777777778
2022-05-23 16:00:00+00:00,0.0,16.9,5.2,7,8.0,0,16,False,9.0,0.9819444444444442,0.9819444444444442,0.981944444444444,0.9819444444444442
2022-05-23 17:00:00+00:00,0.0,17.0,4.6,7,10.0,0,17,False,8.0,0.984722222222222,0.984722222222222,0.9847222222222222,0.984722222222222
2022-05-23 18:00:00+00:00,0.0,15.9,4.6,7,5.0,0,18,False,10.0,0.9808333333333332,0.9808333333333332,0.9808333333333332,0.9808333333333332
2022-05-23 19:00:00+00:00,0.0,15.2,2.4,7,2.0,0,19,False,5.0,0.987777777777778,0.987777777777778,0.987777777777778,0.987777777777778
2022-05-23 20:00:00+00:00,0.0,14.8,2.8,7,3.0,0,20,False,2.0,0.9908333333333328,0.9908333333333328,0.9908333333333328,0.9908333333333328
2022-05-23 21:00:00+00:00,0.0,13.6,1.7,7,0.0,0,21,False,3.0,0.9838888888888891,0.9838888888888891,0.9838888888888891,0.9838888888888891
2022-05-23 22:00:00+00:00,0.0,13.6,1.8,6,0.0,0,22,False,0.0,0.9852777777777776,0.9852777777777776,0.9852777777777776,0.9852777777777776
2022-05-23 23:00:00+00:00,0.0,12.4,2.6,6,0.0,0,23,False,0.0,0.9866666666666666,0.9866666666666666,0.9866666666666666,0.9866666666666666
2022-05-24 00:00:00+00:00,0.0,12.1,3.0,6,0.0,1,0,False,0.0,0.9663888888888889,0.9663888888888889,0.9663888888888889,0.9663888888888889
2022-05-24 01:00:00+00:00,0.0,12.4,2.8,6,0.0,1,1,False,0.0,0.9886111111111112,0.9886111111111112,0.8982777777777778,0.9886111111111112
2022-05-24 02:00:00+00:00,0.0,12.1,1.4,6,0.0,1,2,False,0.0,0.9986111111111108,0.9986111111111108,0.7988888888888886,0.9986111111111108
2022-05-24 03:00:00+00:00,0.0,12.1,2.1,6,0.0,1,3,False,0.0,0.9827777777777776,0.9827777777777776,0.7862222222222222,0.9827777777777776
2022-05-24 04:00:00+00:00,0.0,11.6,2.5,6,7.0,1,4,False,0.0,0.9991666666666662,0.9991666666666662,0.799333333333333,0.9991666666666662
2022-05-24 05:00:00+00:00,0.0,11.7,1.8,6,29.0,1,5,False,7.0,0.9930555555555556,0.9930555555555556,0.7944444444444445,0.9930555555555556
2022-05-24 06:00:00+00:00,0.0,12.1,2.5,6,21.0,1,6,False,29.0,0.9805555555555554,0.9805555555555554,0.7844444444444443,0.9805555555555554
2022-05-24 07:00:00+00:00,0.0,12.9,4.0,7,6.0,1,7,False,21.0,0.9625000000000004,0.9625000000000004,0.9331111111111114,0.9625000000000004
2022-05-24 08:00:00+00:00,0.0,14.0,3.4,7,1.0,1,8,False,6.0,0.9941666666666668,0.9941666666666668,0.9941666666666668,0.9941666666666668
2022-05-24 09:00:00+00:00,0.0,15.1,4.9,7,0.0,1,9,False,1.0,0.9683333333333334,0.9683333333333334,0.9683333333333334,0.9683333333333334
2022-05-24 10:00:00+00:00,0.0,15.5,5.6,7,6.0,1,10,False,0.0,0.9852777777777776,0.9852777777777776,0.9852777777777776,0.9852777777777776
2022-05-24 11:00:00+00:00,0.0,16.0,5.5,7,4.0,1,11,False,6.0,0.9838888888888891,0.9838888888888891,0.9838888888888891,0.9838888888888891
2022-05-24 12:00:00+00:00,0.0,16.5,3.9,7,0.0,1,12,False,4.0,0.9913888888888888,0.9913888888888888,0.9913888888888888,0.9913888888888888
2022-05-24 13:00:00+00:00,0.3,14.2,4.0,8,2.0,1,13,False,0.0,0.9811111111111108,0.9811111111111108,0.9811111111111108,0.9811111111111108
2022-05-24 14:00:00+00:00,3.1,12.1,1.1,8,4.0,1,14,False,2.0,0.9813888888888886,0.9813888888888886,0.9813888888888886,0.9813888888888886
2022-05-24 15:00:00+00:00,1.7,12.0,2.1,8,10.0,1,15,False,4.0,0.9894444444444443,0.9894444444444443,0.9894444444444443,0.9894444444444443
2022-05-24 16:00:00+00:00,0.5,11.9,2.9,8,2.0,1,16,False,10.0,0.9861111111111108,0.9861111111111108,0.9861111111111108,0.9861111111111108
2022-05-24 17:00:00+00:00,0.1,12.1,3.7,8,2.0,1,17,False,2.0,0.9794444444444445,0.9794444444444445,0.9794444444444445,0.9794444444444445
2022-05-24 18:00:00+00:00,0.0,12.1,1.0,8,3.0,1,18,False,2.0,0.9811111111111108,0.9811111111111108,0.9811111111111108,0.9811111111111108
2022-05-24 19:00:00+00:00,0.0,12.4,2.8,8,1.0,1,19,False,3.0,0.9902777777777776,0.9902777777777776,0.9902777777777776,0.9902777777777776
2022-05-24 20:00:00+00:00,0.1,12.0,2.5,8,7.0,1,20,False,1.0,0.9899999999999995,0.9899999999999995,0.9899999999999995,0.9899999999999995
2022-05-24 21:00:00+00:00,0.5,11.8,3.9,8,2.0,1,21,False,7.0,0.9825,0.9825,0.9825000000000002,0.9825
2022-05-24 22:00:00+00:00,0.1,11.5,3.1,8,1.0,1,22,False,2.0,0.992222222222222,0.992222222222222,0.992222222222222,0.992222222222222
2022-05-24 23:00:00+00:00,0.1,11.3,3.4,8,0.0,1,23,False,1.0,0.9827777777777776,0.9827777777777776,0.9827777777777776,0.9827777777777776
2022-05-25 00:00:00+00:00,0.0,11.2,3.0,8,0.0,2,0,False,0.0,0.9844444444444448,0.9844444444444448,0.9844444444444448,0.9844444444444448
2022-05-25 01:00:00+00:00,0.0,11.1,3.1,8,0.0,2,1,False,0.0,0.9869444444444448,0.9869444444444448,0.9869444444444448,0.9869444444444448
2022-05-25 02:00:00+00:00,0.0,11.0,3.4,8,0.0,2,2,False,0.0,0.9675000000000002,0.9675000000000002,0.9675000000000002,0.9675000000000002
2022-05-25 03:00:00+00:00,0.0,10.6,2.4,8,0.0,2,3,False,0.0,0.992777777777778,0.992777777777778,0.992777777777778,0.992777777777778
2022-05-25 04:00:00+00:00,0.0,10.7,3.2,8,6.0,2,4,False,0.0,0.982777777777778,0.982777777777778,0.982777777777778,0.982777777777778
2022-05-25 05:00:00+00:00,0.0,10.8,2.4,8,9.0,2,5,False,6.0,0.989444444444444,0.989444444444444,0.989444444444444,0.989444444444444
2022-05-25 06:00:00+00:00,0.0,11.2,2.5,8,20.0,2,6,False,9.0,0.9925,0.9925,0.9925,0.9925
2022-05-25 07:00:00+00:00,0.0,11.4,2.1,7,2.0,2,7,False,20.0,0.9988888888888886,0.9988888888888886,0.9988888888888884,0.9988888888888886
2022-05-25 08:00:00+00:00,0.1,12.7,2.7,7,3.0,2,8,False,2.0,0.9644444444444442,0.9644444444444442,0.9644444444444442,0.9644444444444442
2022-05-25 09:00:00+00:00,0.0,13.0,1.3,7,3.0,2,9,False,3.0,0.9663888888888889,0.9663888888888889,0.9663888888888889,0.9663888888888889
2022-05-25 10:00:00+00:00,0.0,13.8,3.4,7,3.0,2,10,False,3.0,0.9788888888888888,0.9788888888888888,0.9788888888888888,0.9788888888888888
2022-05-25 11:00:00+00:00,0.2,13.8,3.9,7,5.0,2,11,False,3.0,0.95,0.95,0.95,0.95
2022-05-25 12:00:00+00:00,0.0,14.1,5.8,7,2.0,2,12,False,5.0,0.9919444444444444,0.9919444444444444,0.9919444444444444,0.9919444444444444
2022-05-25 13:00:00+00:00,0.1,15.7,4.9,7,13.0,2,13,False,2.0,0.9947222222222224,0.9947222222222224,0.9947222222222224,0.9947222222222224
2022-05-25 14:00:00+00:00,0.0,13.6,4.9,7,16.0,2,14,False,13.0,0.991111111111111,0.991111111111111,0.9911111111111112,0.991111111111111
2022-05-25 15:00:00+00:00,0.0,15.0,2.5,7,12.0,2,15,False,16.0,0.980833333333333,0.980833333333333,0.980833333333333,0.980833333333333
2022-05-25 16:00:00+00:00,0.0,14.6,7.2,7,8.0,2,16,False,12.0,0.9991666666666664,0.9991666666666664,0.9991666666666664,0.9991666666666664
2022-05-25 17:00:00+00:00,0.0,13.9,6.9,7,11.0,2,17,False,8.0,0.9855555555555554,0.9855555555555554,0.9855555555555554,0.9855555555555554
2022-05-25 18:00:00+00:00,0.0,13.4,5.6,7,9.0,2,18,False,11.0,0.9830555555555558,0.9830555555555558,0.9830555555555558,0.9830555555555558
2022-05-25 19:00:00+00:00,0.0,13.2,5.6,7,6.0,2,19,False,9.0,0.9711111111111111,0.9711111111111111,0.9711111111111111,0.9711111111111111
2022-05-25 20:00:00+00:00,0.0,12.1,5.2,7,5.0,2,20,False,6.0,0.9897222222222218,0.9897222222222218,0.9897222222222218,0.9897222222222218
2022-05-25 21:00:00+00:00,0.0,11.9,4.0,7,2.0,2,21,False,5.0,0.9163888888888888,0.9163888888888888,0.9163888888888888,0.9163888888888888
2022-05-25 22:00:00+00:00,0.0,11.6,3.8,7,1.0,2,22,False,2.0,0.987777777777778,0.987777777777778,0.987777777777778,0.987777777777778
2022-05-25 23:00:00+00:00,0.0,11.3,4.1,7,0.0,2,23,False,1.0,0.9830555555555556,0.9830555555555556,0.9830555555555556,0.9830555555555556
2022-05-26 00:00:00+00:00,0.0,10.9,2.4,7,0.0,3,0,False,0.0,0.9986111111111112,0.9986111111111112,0.9986111111111112,0.9986111111111112
2022-05-26 01:00:00+00:00,0.1,10.2,1.7,7,0.0,3,1,False,0.0,0.9816666666666668,0.9816666666666668,0.9816666666666668,0.9816666666666668
2022-05-26 02:00:00+00:00,2.0,9.6,1.7,7,0.0,3,2,False,0.0,0.978888888888889,0.978888888888889,0.9788888888888888,0.978888888888889
2022-05-26 03:00:00+00:00,4.6,9.4,2.1,7,0.0,3,3,False,0.0,0.9341666666666668,0.9341666666666668,0.9341666666666668,0.9341666666666668
2022-05-26 04:00:00+00:00,2.0,9.2,1.9,7,0.0,3,4,False,0.0,0.9647222222222224,0.9647222222222224,0.9647222222222224,0.9647222222222224
2022-05-26 05:00:00+00:00,1.0,9.0,2.9,7,0.0,3,5,False,0.0,0.9211111111111115,0.9211111111111115,0.9211111111111115,0.9211111111111115
2022-05-26 06:00:00+00:00,4.3,8.7,2.0,7,2.0,3,6,False,0.0,0.989166666666667,0.989166666666667,0.989166666666667,0.989166666666667
2022-05-26 07:00:00+00:00,4.7,8.8,3.4,8,3.0,3,7,False,2.0,0.971111111111111,0.971111111111111,0.971111111111111,0.971111111111111
2022-05-26 08:00:00+00:00,1.0,9.6,4.1,8,3.0,3,8,False,3.0,0.9891666666666664,0.9891666666666664,0.9891666666666664,0.9891666666666664
2022-05-26 09:00:00+00:00,0.1,10.9,3.8,8,4.0,3,9,False,3.0,0.9847222222222216,0.9847222222222216,0.9847222222222216,0.9847222222222216
2022-05-26 10:00:00+00:00,0.0,11.7,2.3,7,9.0,3,10,False,4.0,0.9830555555555552,0.9830555555555552,0.9830555555555552,0.9830555555555552
2022-05-26 11:00:00+00:00,0.0,13.2,1.5,7,6.0,3,11,False,9.0,0.9819444444444446,0.9819444444444446,0.9819444444444446,0.9819444444444446
2022-05-26 12:00:00+00:00,0.1,13.6,1.7,7,4.0,3,12,False,6.0,0.9880555555555554,0.9880555555555554,0.9880555555555552,0.9880555555555554
2022-05-26 13:00:00+00:00,0.0,16.6,2.3,7,3.0,3,13,False,4.0,0.985,0.985,0.985,0.985
2022-05-26 14:00:00+00:00,0.5,13.7,3.8,7,12.0,3,14,False,3.0,0.9875,0.9875,0.9875,0.9875
2022-05-26 15:00:00+00:00,0.1,15.2,3.5,7,6.0,3,15,False,12.0,0.9886111111111108,0.9886111111111108,0.9886111111111108,0.9886111111111108
2022-05-26 16:00:00+00:00,0.0,16.1,2.9,7,6.0,3,16,False,6.0,0.9855555555555556,0.9855555555555556,0.9855555555555556,0.9855555555555556
2022-05-26 17:00:00+00:00,0.0,18.3,5.6,7,8.0,3,17,False,6.0,0.9808333333333336,0.9808333333333336,0.9808333333333336,0.9808333333333336
2022-05-26 18:00:00+00:00,0.0,17.3,6.1,7,10.0,3,18,False,8.0,0.981111111111111,0.981111111111111,0.981111111111111,0.981111111111111
2022-05-26 19:00:00+00:00,0.0,15.2,1.6,4,5.0,3,19,False,10.0,0.983333333333333,0.983333333333333,0.9833333333333328,0.983333333333333
2022-05-26 20:00:00+00:00,0.0,13.5,2.6,4,2.0,3,20,False,5.0,0.9811111111111108,0.9811111111111108,0.9811111111111108,0.9811111111111108
2022-05-26 21:00:00+00:00,0.0,11.5,2.8,4,6.0,3,21,False,2.0,0.9686111111111112,0.9686111111111112,0.9686111111111112,0.9686111111111112
2022-05-26 22:00:00+00:00,0.0,10.7,3.5,3,1.0,3,22,False,6.0,0.9841666666666667,0.9841666666666667,0.9841666666666666,0.9841666666666667
2022-05-26 23:00:00+00:00,0.0,9.7,0.8,3,0.0,3,23,False,1.0,0.9861111111111112,0.9861111111111112,0.986111111111111,0.9861111111111112
2022-05-27 00:00:00+00:00,0.0,7.5,1.6,3,0.0,4,0,False,0.0,0.9680555555555556,0.9680555555555556,0.9680555555555556,0.9680555555555556
2022-05-27 01:00:00+00:00,0.0,7.0,1.8,3,0.0,4,1,False,0.0,0.9472222222222222,0.9472222222222222,0.9472222222222222,0.9472222222222222
2022-05-27 02:00:00+00:00,0.0,6.3,1.4,3,0.0,4,2,False,0.0,0.9683333333333336,0.9683333333333336,0.9683333333333336,0.9683333333333336
2022-05-27 03:00:00+00:00,0.0,5.6,0.4,3,0.0,4,3,False,0.0,0.9833333333333334,0.9833333333333334,0.9833333333333334,0.9833333333333334
2022-05-27 04:00:00+00:00,0.0,6.0,1.6,3,5.0,4,4,False,0.0,0.9941666666666668,0.9941666666666668,0.9941666666666668,0.9941666666666668
2022-05-27 05:00:00+00:00,0.0,6.8,0.7,3,10.0,4,5,False,5.0,0.9833333333333336,0.9833333333333336,0.9833333333333336,0.9833333333333336
2022-05-27 06:00:00+00:00,0.0,8.9,0.8,3,15.0,4,6,False,10.0,0.9808333333333332,0.9808333333333332,0.9808333333333332,0.9808333333333332
2022-05-27 07:00:00+00:00,0.0,11.3,1.2,5,3.0,4,7,False,15.0,0.985277777777778,0.985277777777778,0.985277777777778,0.985277777777778
2022-05-27 08:00:00+00:00,0.0,11.0,1.0,5,4.0,4,8,False,3.0,0.9833333333333332,0.9833333333333332,0.9833333333333332,0.9833333333333332
2022-05-27 09:00:00+00:00,0.0,12.5,4.1,5,3.0,4,9,False,4.0,0.9866666666666666,0.9866666666666666,0.9866666666666666,0.9866666666666666
2022-05-27 10:00:00+00:00,0.0,13.7,3.4,6,5.0,4,10,False,3.0,0.982222222222222,0.982222222222222,0.982222222222222,0.982222222222222
2022-05-27 11:00:00+00:00,0.0,13.3,4.2,6,4.0,4,11,False,5.0,0.9772222222222224,0.9772222222222224,0.9772222222222224,0.9772222222222224
2022-05-27 12:00:00+00:00,0.0,13.2,5.5,6,5.0,4,12,False,4.0,0.9802777777777778,0.9802777777777778,0.9802777777777776,0.9802777777777778
2022-05-27 13:00:00+00:00,0.0,12.4,6.1,7,7.0,4,13,False,5.0,0.9877777777777776,0.9877777777777776,0.9877777777777776,0.9877777777777776
2022-05-27 14:00:00+00:00,0.0,11.4,6.4,7,14.0,4,14,False,7.0,0.9866666666666666,0.9866666666666666,0.9866666666666666,0.9866666666666666
2022-05-27 15:00:00+00:00,0.0,10.4,6.8,7,4.0,4,15,False,14.0,0.9680555555555554,0.9680555555555554,0.9680555555555552,0.9680555555555554
2022-05-27 16:00:00+00:00,0.1,9.2,5.6,8,6.0,4,16,False,4.0,0.987222222222222,0.987222222222222,0.987222222222222,0.987222222222222
2022-05-27 17:00:00+00:00,0.4,8.7,4.1,8,7.0,4,17,False,6.0,0.9997222222222224,0.9997222222222224,0.9997222222222224,0.9997222222222224
2022-05-27 18:00:00+00:00,0.0,9.5,4.3,8,5.0,4,18,False,7.0,0.9802777777777778,0.9802777777777778,0.9802777777777776,0.9802777777777778
2022-05-27 19:00:00+00:00,0.0,10.0,4.1,7,2.0,4,19,False,5.0,0.9877777777777776,0.9877777777777776,0.9877777777777776,0.9877777777777776
2022-05-27 20:00:00+00:00,0.0,10.5,4.6,7,1.0,4,20,False,2.0,0.9861111111111108,0.9861111111111108,0.9861111111111108,0.9861111111111108
2022-05-27 21:00:00+00:00,0.0,10.4,4.8,7,2.0,4,21,False,1.0,0.9861111111111108,0.9861111111111108,0.9861111111111108,0.9861111111111108
2022-05-27 22:00:00+00:00,0.0,10.3,3.5,7,1.0,4,22,False,2.0,0.9252777777777776,0.9252777777777776,0.9252777777777776,0.9252777777777776
2022-05-27 23:00:00+00:00,0.0,9.2,1.7,7,0.0,4,23,False,1.0,0.9858333333333332,0.9858333333333332,0.9858333333333332,0.9858333333333332
2022-05-28 00:00:00+00:00,0.0,9.5,1.9,7,0.0,5,0,False,0.0,0.99,0.99,0.99,0.99
2022-05-28 01:00:00+00:00,0.0,10.8,4.4,7,0.0,5,1,False,0.0,0.9905555555555556,0.9905555555555556,0.9905555555555556,0.9905555555555556
2022-05-28 02:00:00+00:00,0.0,11.2,5.6,7,0.0,5,2,False,0.0,0.9852777777777776,0.9852777777777776,0.9852777777777776,0.9852777777777776
2022-05-28 03:00:00+00:00,0.0,11.0,5.5,7,0.0,5,3,False,0.0,0.985555555555556,0.985555555555556,0.985555555555556,0.985555555555556
2022-05-28 04:00:00+00:00,0.0,10.3,3.7,7,2.0,5,4,False,0.0,0.9638888888888888,0.9638888888888888,0.9638888888888888,0.9638888888888888
2022-05-28 05:00:00+00:00,0.0,10.7,2.4,7,1.0,5,5,False,2.0,0.9836111111111112,0.9836111111111112,0.9836111111111112,0.9836111111111112
2022-05-28 06:00:00+00:00,0.0,12.4,1.9,7,2.0,5,6,False,1.0,0.9852777777777778,0.9852777777777778,0.9852777777777778,0.9852777777777778
2022-05-28 07:00:00+00:00,0.0,13.0,5.6,6,3.0,5,7,False,2.0,0.9808333333333332,0.9808333333333332,0.9808333333333332,0.9808333333333332
2022-05-28 08:00:00+00:00,0.0,13.2,5.7,6,8.0,5,8,False,3.0,0.9994444444444444,0.9994444444444444,0.9994444444444444,0.9994444444444444
2022-05-28 09:00:00+00:00,0.0,15.2,5.9,6,6.0,5,9,False,8.0,0.9863888888888888,0.9863888888888888,0.9863888888888888,0.9863888888888888
2022-05-28 10:00:00+00:00,0.0,14.9,5.3,6,9.0,5,10,False,6.0,0.9855555555555556,0.9855555555555556,0.9855555555555556,0.9855555555555556
2022-05-28 11:00:00+00:00,0.0,16.3,6.7,6,6.0,5,11,False,9.0,0.9825,0.9825,0.9825000000000002,0.9825
2022-05-28 12:00:00+00:00,0.0,15.1,6.6,6,11.0,5,12,False,6.0,0.967222222222222,0.967222222222222,0.967222222222222,0.967222222222222
2022-05-28 13:00:00+00:00,0.0,15.9,7.2,6,13.0,5,13,False,11.0,0.981666666666666,0.981666666666666,0.981666666666666,0.981666666666666
2022-05-28 14:00:00+00:00,0.0,15.9,7.9,6,4.0,5,14,False,13.0,0.9866666666666664,0.9866666666666664,0.9866666666666664,0.9866666666666664
2022-05-28 15:00:00+00:00,0.0,15.6,6.8,6,9.0,5,15,False,4.0,0.9830555555555556,0.9830555555555556,0.9830555555555556,0.9830555555555556
2022-05-28 16:00:00+00:00,0.0,16.1,5.4,7,10.0,5,16,False,9.0,0.9858333333333332,0.9858333333333332,0.9858333333333332,0.9858333333333332
2022-05-28 17:00:00+00:00,0.0,16.2,3.8,7,6.0,5,17,False,10.0,0.9741666666666664,0.9741666666666664,0.9741666666666664,0.9741666666666664
2022-05-28 18:00:00+00:00,0.0,16.9,4.1,7,9.0,5,18,False,6.0,0.9805555555555552,0.9805555555555552,0.9805555555555552,0.9805555555555552
2022-05-28 19:00:00+00:00,0.0,16.4,4.7,3,3.0,5,19,False,9.0,0.9808333333333332,0.9808333333333332,0.9808333333333332,0.9808333333333332
2022-05-28 20:00:00+00:00,0.0,15.3,3.8,3,1.0,5,20,False,3.0,0.9877777777777774,0.9877777777777774,0.9877777777777774,0.9877777777777774
2022-05-28 21:00:00+00:00,0.0,13.7,3.7,3,7.0,5,21,False,1.0,0.9916666666666668,0.9916666666666668,0.9916666666666668,0.9916666666666668
2022-05-28 22:00:00+00:00,0.0,11.7,4.5,1,2.0,5,22,False,7.0,0.948888888888889,0.948888888888889,0.9488888888888892,0.948888888888889
2022-05-28 23:00:00+00:00,0.0,10.6,4.8,1,0.0,5,23,False,2.0,0.9863888888888888,0.9863888888888888,0.9863888888888888,0.9863888888888888
2022-05-29 00:00:00+00:00,0.0,8.6,3.3,1,0.0,6,0,False,0.0,0.9830555555555552,0.9830555555555552,0.9830555555555552,0.9830555555555552
2022-05-29 01:00:00+00:00,0.0,8.8,3.3,1,0.0,6,1,False,0.0,0.987222222222222,0.987222222222222,0.987222222222222,0.987222222222222
2022-05-29 02:00:00+00:00,0.0,8.0,3.3,1,0.0,6,2,False,0.0,0.9833333333333332,0.9833333333333332,0.9833333333333332,0.9833333333333332
2022-05-29 03:00:00+00:00,0.0,5.9,1.8,1,0.0,6,3,False,0.0,0.9852777777777776,0.9852777777777776,0.9852777777777776,0.9852777777777776
2022-05-29 04:00:00+00:00,0.0,4.9,0.9,1,1.0,6,4,False,0.0,0.984722222222222,0.984722222222222,0.9847222222222222,0.984722222222222
2022-05-29 05:00:00+00:00,0.0,6.2,1.0,1,1.0,6,5,False,1.0,0.9847222222222224,0.9847222222222224,0.9847222222222224,0.9847222222222224
2022-05-29 06:00:00+00:00,0.0,9.4,0.5,1,1.0,6,6,False,1.0,0.9836111111111108,0.9836111111111108,0.9836111111111108,0.9836111111111108
2022-05-29 07:00:00+00:00,0.0,11.0,1.3,4,1.0,6,7,False,1.0,0.9830555555555556,0.9830555555555556,0.9830555555555556,0.9830555555555556
2022-05-29 08:00:00+00:00,0.0,11.3,1.8,4,4.0,6,8,False,1.0,0.9791666666666664,0.9791666666666664,0.9791666666666664,0.9791666666666664
2022-05-29 09:00:00+00:00,0.0,11.5,2.4,4,4.0,6,9,False,4.0,0.9747222222222224,0.9747222222222224,0.9747222222222224,0.9747222222222224
2022-05-29 10:00:00+00:00,0.0,11.7,2.5,7,7.0,6,10,False,4.0,0.9719444444444446,0.9719444444444446,0.9719444444444448,0.9719444444444446
2022-05-29 11:00:00+00:00,0.0,11.9,1.2,7,8.0,6,11,False,7.0,0.9994444444444448,0.9994444444444448,0.9994444444444448,0.9994444444444448
2022-05-29 12:00:00+00:00,0.0,12.2,2.0,7,11.0,6,12,False,8.0,0.9816666666666666,0.9816666666666666,0.9816666666666668,0.9816666666666666
2022-05-29 13:00:00+00:00,0.0,12.0,2.0,7,4.0,6,13,False,11.0,0.9858333333333336,0.9858333333333336,0.9858333333333336,0.9858333333333336
2022-05-29 14:00:00+00:00,0.0,13.2,1.9,7,4.0,6,14,False,4.0,0.985277777777778,0.985277777777778,0.985277777777778,0.985277777777778
2022-05-29 15:00:00+00:00,0.0,12.8,1.8,7,5.0,6,15,False,4.0,0.9916666666666668,0.9916666666666668,0.9916666666666668,0.9916666666666668
2022-05-29 16:00:00+00:00,0.0,12.6,3.2,7,8.0,6,16,False,5.0,0.9850000000000002,0.9850000000000002,0.985,0.9850000000000002
2022-05-29 17:00:00+00:00,0.0,12.0,2.5,7,6.0,6,17,False,8.0,0.975,0.975,0.975,0.975
2022-05-29 18:00:00+00:00,0.0,11.6,2.2,7,3.0,6,18,False,6.0,0.9855555555555556,0.9855555555555556,0.9855555555555556,0.9855555555555556
2022-05-29 19:00:00+00:00,0.0,10.7,3.6,7,3.0,6,19,False,3.0,0.9816666666666664,0.9816666666666664,0.9816666666666662,0.9816666666666664
2022-05-29 20:00:00+00:00,0.0,10.1,3.6,7,1.0,6,20,False,3.0,0.9977777777777778,0.9977777777777778,0.9977777777777778,0.9977777777777778
2022-05-29 21:00:00+00:00,0.2,9.0,4.2,7,1.0,6,21,False,1.0,0.9875000000000004,0.9875000000000004,0.9875000000000004,0.9875000000000004
2022-05-29 22:00:00+00:00,0.0,9.4,4.3,8,1.0,6,22,False,1.0,0.9866666666666668,0.9866666666666668,0.9866666666666668,0.9866666666666668
2022-05-29 23:00:00+00:00,0.0,9.3,5.0,8,0.0,6,23,False,1.0,0.9494444444444446,0.9494444444444446,0.9494444444444448,0.9494444444444446
2022-05-30 00:00:00+00:00,0.0,9.5,3.4,8,0.0,0,0,False,0.0,0.9824999999999998,0.9824999999999998,0.9824999999999996,0.9824999999999998
2022-05-30 01:00:00+00:00,0.3,9.4,4.4,8,0.0,0,1,False,0.0,0.9897222222222224,0.9897222222222224,0.9897222222222224,0.9897222222222224
2022-05-30 02:00:00+00:00,2.1,9.0,4.4,8,0.0,0,2,False,0.0,0.9586111111111112,0.9586111111111112,0.9586111111111112,0.9586111111111112
2022-05-30 03:00:00+00:00,0.0,8.8,3.7,8,1.0,0,3,False,0.0,0.9869444444444446,0.9869444444444446,0.9869444444444448,0.9869444444444446
2022-05-30 04:00:00+00:00,0.0,8.6,4.0,8,6.0,0,4,False,1.0,0.9808333333333332,0.9808333333333332,0.9808333333333332,0.9808333333333332
2022-05-30 05:00:00+00:00,0.0,8.9,3.3,8,17.0,0,5,False,6.0,0.9847222222222224,0.9847222222222224,0.9847222222222224,0.9847222222222224
2022-05-30 06:00:00+00:00,0.0,9.8,2.9,8,12.0,0,6,False,17.0,0.9933333333333332,0.9933333333333332,0.9933333333333332,0.9933333333333332
2022-05-30 07:00:00+00:00,0.0,11.6,2.7,7,2.0,0,7,False,12.0,0.9841666666666666,0.9841666666666666,0.9841666666666666,0.9841666666666666
2022-05-30 08:00:00+00:00,0.0,12.9,2.5,7,2.0,0,8,False,2.0,0.9833333333333332,0.9833333333333332,0.9833333333333332,0.9833333333333332
2022-05-30 09:00:00+00:00,0.0,13.5,1.3,7,2.0,0,9,False,2.0,0.9841666666666664,0.9841666666666664,0.9841666666666664,0.9841666666666664
2022-05-30 10:00:00+00:00,0.0,15.2,1.2,7,1.0,0,10,False,2.0,0.9838888888888891,0.9838888888888891,0.9838888888888891,0.9838888888888891
2022-05-30 11:00:00+00:00,0.0,15.3,2.0,7,1.0,0,11,False,1.0,0.9824999999999998,0.9824999999999998,0.9824999999999996,0.9824999999999998
2022-05-30 12:00:00+00:00,3.6,11.7,4.1,7,1.0,0,12,False,1.0,0.9802777777777776,0.9802777777777776,0.9802777777777776,0.9802777777777776
2022-05-30 13:00:00+00:00,0.6,12.9,1.5,7,6.0,0,13,False,1.0,0.984444444444444,0.984444444444444,0.984444444444444,0.984444444444444
2022-05-30 14:00:00+00:00,0.0,14.5,2.3,7,9.0,0,14,False,6.0,0.9686111111111112,0.9686111111111112,0.9686111111111112,0.9686111111111112
2022-05-30 15:00:00+00:00,0.1,13.6,4.0,7,10.0,0,15,False,9.0,0.981111111111111,0.981111111111111,0.981111111111111,0.981111111111111
2022-05-30 16:00:00+00:00,0.0,14.2,1.8,7,4.0,0,16,False,10.0,0.9866666666666664,0.9866666666666664,0.9866666666666664,0.9866666666666664
2022-05-30 17:00:00+00:00,0.3,13.7,2.7,7,6.0,0,17,False,4.0,0.9833333333333332,0.9833333333333332,0.9833333333333332,0.9833333333333332
2022-05-30 18:00:00+00:00,0.0,14.1,2.5,7,4.0,0,18,False,6.0,0.9827777777777774,0.9827777777777774,0.976333333333333,0.9827777777777774
2022-05-30 19:00:00+00:00,0.0,13.6,2.4,7,5.0,0,19,False,4.0,0.9700000000000002,0.9700000000000002,0.8866111111111113,0.9700000000000002
2022-05-30 20:00:00+00:00,0.0,13.5,1.7,7,1.0,0,20,False,5.0,0.9861111111111108,0.9861111111111108,0.8698888888888886,0.9861111111111108
2022-05-30 21:00:00+00:00,0.0,12.4,2.4,7,0.0,0,21,False,1.0,0.9472222222222224,0.9472222222222224,0.7635555555555558,0.9472222222222224
2022-05-30 22:00:00+00:00,0.0,11.7,1.0,6,0.0,0,22,False,0.0,0.9850000000000004,0.9850000000000004,0.8892777777777781,0.9850000000000004
2022-05-30 23:00:00+00:00,0.0,10.8,2.6,6,0.0,0,23,False,0.0,0.9822222222222222,0.9822222222222222,0.7857777777777778,0.9822222222222222
2022-05-31 00:00:00+00:00,0.0,10.4,1.4,6,0.0,1,0,False,0.0,0.9872222222222224,0.9872222222222224,0.7897777777777779,0.9872222222222224
2022-05-31 01:00:00+00:00,0.0,9.2,0.4,6,0.0,1,1,False,0.0,0.9391666666666668,0.9391666666666668,0.7513333333333334,0.9391666666666668
2022-05-31 02:00:00+00:00,0.0,9.1,1.9,6,0.0,1,2,False,0.0,0.9838888888888884,0.9838888888888884,0.7871111111111107,0.9838888888888884
2022-05-31 03:00:00+00:00,0.0,10.1,2.1,6,1.0,1,3,False,0.0,0.9863888888888888,0.9863888888888888,0.789111111111111,0.9863888888888888
2022-05-31 04:00:00+00:00,0.0,9.5,1.8,6,15.0,1,4,False,1.0,0.9872222222222222,0.9872222222222222,0.7897777777777778,0.9872222222222222
2022-05-31 05:00:00+00:00,0.0,10.3,0.5,6,33.0,1,5,False,15.0,0.9841666666666666,0.9841666666666666,0.7873333333333333,0.9841666666666666
2022-05-31 06:00:00+00:00,0.0,11.9,1.1,6,28.0,1,6,False,33.0,0.9813888888888888,0.9813888888888888,0.7981111111111109,0.9813888888888888
2022-05-31 07:00:00+00:00,0.0,13.4,1.3,1,16.0,1,7,False,28.0,0.9816666666666666,0.9816666666666666,0.9816666666666668,0.9816666666666666
2022-05-31 08:00:00+00:00,0.0,15.8,1.6,1,2.0,1,8,False,16.0,0.9894444444444443,0.9894444444444443,0.9894444444444443,0.9894444444444443
2022-05-31 09:00:00+00:00,0.0,15.8,2.8,1,2.0,1,9,False,2.0,0.9900000000000002,0.9900000000000002,0.9900000000000002,0.9900000000000002
2022-05-31 10:00:00+00:00,0.0,16.2,4.2,7,3.0,1,10,False,2.0,0.983611111111111,0.983611111111111,0.983611111111111,0.983611111111111
2022-05-31 11:00:00+00:00,0.0,18.0,4.6,7,2.0,1,11,False,3.0,0.9838888888888888,0.9838888888888888,0.9838888888888888,0.9838888888888888
2022-05-31 12:00:00+00:00,0.0,15.9,5.6,7,5.0,1,12,False,2.0,0.9844444444444445,0.9844444444444445,0.9844444444444445,0.9844444444444445
2022-05-31 13:00:00+00:00,0.0,17.1,5.1,7,6.0,1,13,False,5.0,0.9691666666666666,0.9691666666666666,0.9691666666666666,0.9691666666666666
2022-05-31 14:00:00+00:00,0.0,16.4,4.0,7,15.0,1,14,False,6.0,0.9922222222222224,0.9922222222222224,0.9922222222222224,0.9922222222222224
2022-05-31 15:00:00+00:00,0.0,15.9,4.6,7,14.0,1,15,False,15.0,0.9849999999999997,0.9849999999999997,0.9849999999999997,0.9849999999999997
2022-05-31 16:00:00+00:00,0.0,16.5,3.9,7,12.0,1,16,False,14.0,0.9655555555555552,0.9655555555555552,0.9655555555555552,0.9655555555555552
2022-05-31 17:00:00+00:00,0.0,16.1,3.0,7,8.0,1,17,False,12.0,0.9852777777777778,0.9852777777777778,0.9852777777777778,0.9852777777777778
2022-05-31 18:00:00+00:00,0.0,15.6,2.8,7,8.0,1,18,False,8.0,0.9669444444444446,0.9669444444444446,0.9669444444444446,0.9669444444444446
2022-05-31 19:00:00+00:00,0.0,15.3,2.9,7,2.0,1,19,False,8.0,0.9886111111111108,0.9886111111111108,0.9886111111111108,0.9886111111111108
2022-05-31 20:00:00+00:00,0.0,14.9,1.9,7,3.0,1,20,False,2.0,0.9830555555555552,0.9830555555555552,0.9830555555555552,0.9830555555555552
2022-05-31 21:00:00+00:00,0.0,13.5,0.3,7,3.0,1,21,False,3.0,0.9872222222222224,0.9872222222222224,0.9872222222222224,0.9872222222222224
2022-05-31 22:00:00+00:00,0.0,13.4,4.0,7,1.0,1,22,False,3.0,0.9877777777777776,0.9877777777777776,0.9877777777777776,0.9877777777777776
2022-05-06 00:00:00+00:00,0.0,11.9,1.1,7,0.0,4,0,False,1.0,0.955555555555555,0.955555555555555,0.955555555555555,0.955555555555555
2022-05-06 01:00:00+00:00,0.0,11.2,0.9,7,0.0,4,1,False,0.0,0.9911111111111106,0.9911111111111106,0.9911111111111106,0.9911111111111106
2022-05-06 02:00:00+00:00,0.0,9.7,2.2,7,0.0,4,2,False,0.0,0.9694444444444446,0.9694444444444446,0.9694444444444448,0.9694444444444446
2022-05-06 03:00:00+00:00,0.0,8.8,1.2,7,0.0,4,3,False,0.0,0.9844444444444445,0.9844444444444445,0.9844444444444445,0.9844444444444445
2022-05-06 04:00:00+00:00,0.0,8.1,1.5,7,4.0,4,4,False,0.0,0.9624999999999998,0.9624999999999998,0.9624999999999998,0.9624999999999998
2022-05-06 05:00:00+00:00,0.0,10.6,1.7,7,18.0,4,5,False,4.0,0.9988888888888886,0.9988888888888886,0.9988888888888884,0.9988888888888886
2022-05-06 06:00:00+00:00,0.0,14.6,2.2,7,28.0,4,6,False,18.0,0.947222222222222,0.8855555555555553,0.9786111111111108,0.9786111111111108
2022-05-06 07:00:00+00:00,0.0,15.6,1.4,4,7.0,4,7,False,28.0,0.0,0.0,0.9808333333333336,0.9808333333333338
2022-05-06 08:00:00+00:00,0.0,17.1,2.4,4,6.0,4,8,False,7.0,0.0,0.0,0.9633333333333332,0.9633333333333334
2022-05-06 09:00:00+00:00,0.0,17.2,1.4,4,5.0,4,9,False,6.0,0.0,0.0,0.9808333333333332,0.9808333333333334
2022-05-06 10:00:00+00:00,0.0,19.3,1.1,1,1.0,4,10,False,5.0,0.0,0.0,0.9966666666666664,0.9966666666666664
2022-05-06 11:00:00+00:00,0.0,19.6,2.8,1,4.0,4,11,False,1.0,0.0,0.0,0.9838888888888888,0.9838888888888888
2022-05-06 12:00:00+00:00,0.0,20.7,2.2,1,4.0,4,12,False,4.0,0.0,0.0,0.9794444444444446,0.9794444444444446
2022-05-06 13:00:00+00:00,0.0,22.1,2.2,1,7.0,4,13,False,4.0,0.0,0.0,0.977222222222222,0.977222222222222
2022-05-06 14:00:00+00:00,0.0,21.9,2.5,1,11.0,4,14,False,7.0,0.0,0.0,0.9930555555555552,0.9930555555555552
2022-05-06 15:00:00+00:00,0.1,22.1,2.8,1,9.0,4,15,False,11.0,0.0,0.0,0.9858333333333332,0.9858333333333332
2022-05-06 16:00:00+00:00,0.1,22.6,1.3,3,13.0,4,16,False,9.0,0.0,0.0,0.9938888888888884,0.9938888888888884
2022-05-06 17:00:00+00:00,0.1,21.5,2.3,3,9.0,4,17,False,13.0,0.0,0.0,0.9886111111111108,0.988611111111111
2022-05-06 18:00:00+00:00,0.0,20.9,2.8,3,4.0,4,18,False,9.0,0.4294444444444444,0.4527777777777777,0.987777777777778,0.9877777777777778
2022-05-06 19:00:00+00:00,0.1,20.5,3.0,4,5.0,4,19,False,4.0,0.9863888888888888,0.9863888888888888,0.9863888888888888,0.9863888888888888
2022-05-06 20:00:00+00:00,0.0,19.2,2.5,4,2.0,4,20,False,5.0,0.987222222222222,0.987222222222222,0.987222222222222,0.987222222222222
2022-05-06 21:00:00+00:00,0.0,17.3,0.8,4,0.0,4,21,False,2.0,0.9694444444444446,0.9694444444444446,0.9694444444444448,0.9694444444444446
2022-05-06 22:00:00+00:00,0.0,15.1,1.5,3,3.0,4,22,False,0.0,0.9927777777777776,0.9927777777777776,0.9927777777777778,0.9927777777777776
2022-05-06 23:00:00+00:00,0.0,12.7,0.7,3,0.0,4,23,False,3.0,0.9841666666666666,0.9841666666666666,0.9841666666666666,0.9841666666666666
2022-05-07 00:00:00+00:00,0.0,12.3,0.8,7,0.0,5,0,False,0.0,0.9830555555555556,0.9830555555555556,0.9830555555555556,0.9830555555555556
2022-05-07 01:00:00+00:00,0.0,11.3,2.2,7,0.0,5,1,False,0.0,0.9872222222222222,0.9872222222222222,0.9872222222222222,0.9872222222222222
2022-05-07 02:00:00+00:00,0.0,10.2,2.0,7,0.0,5,2,False,0.0,0.9822222222222224,0.9822222222222224,0.9822222222222224,0.9822222222222224
2022-05-07 03:00:00+00:00,0.0,9.5,0.5,7,0.0,5,3,False,0.0,0.9805555555555556,0.9805555555555556,0.9805555555555556,0.9805555555555556
2022-05-07 04:00:00+00:00,0.0,9.0,0.4,7,0.0,5,4,False,0.0,0.9819444444444442,0.9819444444444442,0.981944444444444,0.9819444444444442
2022-05-07 05:00:00+00:00,0.0,10.7,0.2,7,2.0,5,5,False,0.0,0.9841666666666667,0.9841666666666667,0.9841666666666666,0.9841666666666667
2022-05-07 06:00:00+00:00,0.0,13.4,2.1,7,2.0,5,6,False,2.0,0.9880555555555558,0.9880555555555558,0.9880555555555558,0.9880555555555558
2022-05-07 07:00:00+00:00,0.0,15.0,2.1,6,3.0,5,7,False,2.0,0.9849999999999998,0.9849999999999998,0.9849999999999998,0.9849999999999998
2022-05-07 08:00:00+00:00,0.0,16.2,1.8,6,9.0,5,8,False,3.0,0.9986111111111106,0.9986111111111106,0.9986111111111106,0.9986111111111106
2022-05-07 09:00:00+00:00,0.0,17.7,2.8,6,10.0,5,9,False,9.0,0.9849999999999998,0.9849999999999998,0.9849999999999998,0.9849999999999998
2022-05-07 10:00:00+00:00,0.0,18.1,1.5,5,20.0,5,10,False,10.0,0.985,0.985,0.985,0.985
2022-05-07 11:00:00+00:00,0.0,19.4,3.2,5,13.0,5,11,False,20.0,0.985277777777778,0.985277777777778,0.985277777777778,0.985277777777778
2022-05-07 12:00:00+00:00,0.0,19.9,4.0,5,9.0,5,12,False,13.0,0.981111111111111,0.981111111111111,0.981111111111111,0.981111111111111
2022-05-07 13:00:00+00:00,0.0,18.2,4.6,7,10.0,5,13,False,9.0,0.9999999999999998,0.9999999999999998,0.9999999999999998,0.9999999999999998
2022-05-07 14:00:00+00:00,0.1,18.7,3.7,7,8.0,5,14,False,10.0,0.976111111111111,0.976111111111111,0.9761111111111112,0.976111111111111
2022-05-07 15:00:00+00:00,0.0,18.5,4.5,7,5.0,5,15,False,8.0,0.9833333333333332,0.9833333333333332,0.9833333333333332,0.9833333333333332
2022-05-07 16:00:00+00:00,0.0,20.1,4.6,5,3.0,5,16,False,5.0,0.9819444444444444,0.9819444444444444,0.9819444444444444,0.9819444444444444
2022-05-07 17:00:00+00:00,0.0,20.0,4.8,5,10.0,5,17,False,3.0,0.9905555555555552,0.9905555555555552,0.9905555555555552,0.9905555555555552
2022-05-07 18:00:00+00:00,0.0,18.8,5.6,5,5.0,5,18,False,10.0,0.9844444444444445,0.9844444444444445,0.9844444444444445,0.9844444444444445
2022-05-07 19:00:00+00:00,0.0,18.9,3.6,4,3.0,5,19,False,5.0,0.9888888888888888,0.9888888888888888,0.9888888888888888,0.9888888888888888
2022-05-07 20:00:00+00:00,0.0,17.8,2.7,4,2.0,5,20,False,3.0,0.9341666666666666,0.9341666666666666,0.9341666666666664,0.9341666666666666
2022-05-07 21:00:00+00:00,0.0,16.2,3.0,4,1.0,5,21,False,2.0,0.9683333333333334,0.9683333333333334,0.9683333333333334,0.9683333333333334
2022-05-07 22:00:00+00:00,0.0,15.3,4.8,3,6.0,5,22,False,1.0,0.9813888888888886,0.9813888888888886,0.9813888888888886,0.9813888888888886
2022-05-07 23:00:00+00:00,0.0,14.6,3.6,3,0.0,5,23,False,6.0,0.9838888888888888,0.9838888888888888,0.9838888888888888,0.9838888888888888
2022-05-08 00:00:00+00:00,0.0,15.5,0.9,8,0.0,6,0,False,0.0,0.9872222222222224,0.9872222222222224,0.9872222222222224,0.9872222222222224
2022-05-08 01:00:00+00:00,0.0,15.7,2.0,8,0.0,6,1,False,0.0,0.9677777777777778,0.9677777777777778,0.9677777777777778,0.9677777777777778
2022-05-08 02:00:00+00:00,0.0,15.4,1.2,8,0.0,6,2,False,0.0,0.9875,0.9875,0.9875,0.9875
2022-05-08 03:00:00+00:00,0.0,14.2,1.4,8,0.0,6,3,False,0.0,0.9891666666666667,0.9891666666666667,0.9891666666666667,0.9891666666666667
2022-05-08 04:00:00+00:00,0.0,13.3,1.7,8,1.0,6,4,False,0.0,0.9636111111111112,0.9636111111111112,0.9636111111111112,0.9636111111111112
2022-05-08 05:00:00+00:00,0.0,13.1,1.5,8,2.0,6,5,False,1.0,0.868611111111111,0.868611111111111,0.868611111111111,0.868611111111111
2022-05-08 06:00:00+00:00,0.0,13.6,1.4,8,2.0,6,6,False,2.0,0.965,0.965,0.965,0.965
2022-05-08 07:00:00+00:00,0.0,13.8,1.5,7,3.0,6,7,False,2.0,0.9961111111111112,0.9961111111111112,0.9961111111111112,0.9961111111111112
2022-05-08 08:00:00+00:00,0.0,14.2,1.3,7,5.0,6,8,False,3.0,0.903888888888889,0.903888888888889,0.903888888888889,0.903888888888889
2022-05-08 09:00:00+00:00,0.0,16.0,0.9,7,3.0,6,9,False,5.0,0.9777777777777772,0.9777777777777772,0.9777777777777772,0.9777777777777772
2022-05-08 10:00:00+00:00,0.0,18.4,1.8,1,15.0,6,10,False,3.0,0.9719444444444444,0.9719444444444444,0.9719444444444444,0.9719444444444444
2022-05-08 11:00:00+00:00,0.0,19.3,1.1,1,15.0,6,11,False,15.0,0.9816666666666664,0.9816666666666664,0.9816666666666662,0.9816666666666664
2022-05-08 12:00:00+00:00,0.0,19.5,1.7,1,11.0,6,12,False,15.0,0.9838888888888886,0.9838888888888886,0.9838888888888884,0.9838888888888886
2022-05-08 13:00:00+00:00,0.0,21.0,2.9,2,7.0,6,13,False,11.0,0.9744444444444446,0.9744444444444446,0.9744444444444446,0.9744444444444446
2022-05-08 14:00:00+00:00,0.0,21.0,3.8,2,6.0,6,14,False,7.0,0.9841666666666664,0.9841666666666664,0.9841666666666664,0.9841666666666664
2022-05-08 15:00:00+00:00,0.0,22.1,2.7,2,5.0,6,15,False,6.0,0.9816666666666664,0.9816666666666664,0.9816666666666662,0.9816666666666664
2022-05-08 16:00:00+00:00,0.0,21.4,2.8,5,1.0,6,16,False,5.0,0.987222222222222,0.987222222222222,0.987222222222222,0.987222222222222
2022-05-08 17:00:00+00:00,0.0,20.3,3.1,5,5.0,6,17,False,1.0,0.9808333333333332,0.9808333333333332,0.9808333333333332,0.9808333333333332
2022-05-08 18:00:00+00:00,0.0,20.8,2.2,5,2.0,6,18,False,5.0,0.9838888888888888,0.9838888888888888,0.8300555555555557,0.9838888888888888
2022-05-08 19:00:00+00:00,0.0,20.1,1.6,3,4.0,6,19,False,2.0,0.9938888888888884,0.9938888888888884,0.8884999999999996,0.9938888888888884
2022-05-08 20:00:00+00:00,0.0,17.6,4.2,3,2.0,6,20,False,4.0,0.9822222222222224,0.9822222222222224,0.9822222222222224,0.9822222222222224
2022-05-08 21:00:00+00:00,0.0,16.1,5.1,3,3.0,6,21,False,2.0,0.9816666666666664,0.9816666666666664,0.9816666666666662,0.9816666666666664
2022-05-08 22:00:00+00:00,0.0,15.1,4.5,2,0.0,6,22,False,3.0,0.9916666666666664,0.9916666666666664,0.9916666666666664,0.9916666666666664
2022-05-08 23:00:00+00:00,0.0,13.9,3.6,2,0.0,6,23,False,0.0,0.9858333333333332,0.9858333333333332,0.8826666666666666,0.9858333333333332
2022-05-09 00:00:00+00:00,0.0,11.8,1.7,6,0.0,0,0,False,0.0,0.9000000000000001,0.9000000000000001,0.7200000000000001,0.9000000000000001
2022-05-09 01:00:00+00:00,0.0,11.9,2.4,6,0.0,0,1,False,0.0,0.8738888888888888,0.8738888888888888,0.699111111111111,0.8738888888888888
2022-05-09 02:00:00+00:00,0.0,11.8,2.1,6,0.0,0,2,False,0.0,0.940555555555556,0.940555555555556,0.7524444444444448,0.940555555555556
2022-05-09 03:00:00+00:00,0.0,11.7,2.1,6,0.0,0,3,False,0.0,0.9880555555555556,0.9880555555555556,0.7904444444444445,0.9880555555555556
2022-05-09 04:00:00+00:00,0.0,11.2,2.7,6,4.0,0,4,False,0.0,0.9825000000000002,0.9825000000000002,0.7860000000000001,0.9825000000000002
2022-05-09 05:00:00+00:00,0.0,11.0,2.9,6,29.0,0,5,False,4.0,0.9836111111111112,0.9836111111111112,0.786888888888889,0.9836111111111112
2022-05-09 06:00:00+00:00,0.0,10.6,2.6,6,28.0,0,6,False,29.0,0.9697222222222224,0.9697222222222224,0.7757777777777779,0.9697222222222224
2022-05-09 07:00:00+00:00,0.0,11.9,2.6,3,7.0,0,7,False,28.0,0.9136111111111112,0.9136111111111112,0.9136111111111112,0.9136111111111112
2022-05-09 08:00:00+00:00,0.0,14.3,1.0,3,2.0,0,8,False,7.0,0.9911111111111108,0.9911111111111108,0.9911111111111108,0.9911111111111108
2022-05-09 09:00:00+00:00,0.0,15.2,1.1,3,3.0,0,9,False,2.0,0.9722222222222222,0.9722222222222222,0.972222222222222,0.9722222222222222
2022-05-09 10:00:00+00:00,0.0,16.8,1.2,3,2.0,0,10,False,3.0,0.9994444444444444,0.9994444444444444,0.9994444444444444,0.9994444444444444
2022-05-09 11:00:00+00:00,0.0,18.4,2.2,3,3.0,0,11,False,2.0,0.9883333333333332,0.9883333333333332,0.9883333333333332,0.9883333333333332
2022-05-09 12:00:00+00:00,0.1,18.6,2.0,3,3.0,0,12,False,3.0,0.9955555555555556,0.9955555555555556,0.9955555555555556,0.9955555555555556
2022-05-09 13:00:00+00:00,0.0,19.6,1.9,3,6.0,0,13,False,3.0,0.9883333333333332,0.9883333333333332,0.9883333333333332,0.9883333333333332
2022-05-09 14:00:00+00:00,0.0,19.1,2.2,3,7.0,0,14,False,6.0,0.9855555555555556,0.9855555555555556,0.9855555555555556,0.9855555555555556
2022-05-09 15:00:00+00:00,0.0,18.9,1.7,3,11.0,0,15,False,7.0,0.9775,0.9775,0.9775,0.9775
2022-05-09 16:00:00+00:00,0.0,20.0,2.5,2,8.0,0,16,False,11.0,0.9938888888888888,0.9938888888888888,0.9938888888888888,0.9938888888888888
2022-05-09 17:00:00+00:00,0.0,18.9,1.5,2,6.0,0,17,False,8.0,0.9863888888888888,0.9863888888888888,0.9863888888888888,0.9863888888888888
2022-05-09 18:00:00+00:00,0.0,17.8,1.1,2,2.0,0,18,False,6.0,0.9827777777777778,0.9827777777777778,0.9827777777777778,0.9827777777777778
2022-05-09 19:00:00+00:00,0.0,16.1,1.2,2,3.0,0,19,False,2.0,0.9847222222222224,0.9847222222222224,0.9847222222222224,0.9847222222222224
2022-05-09 20:00:00+00:00,0.0,12.8,0.9,2,4.0,0,20,False,3.0,0.9883333333333332,0.9883333333333332,0.9883333333333332,0.9883333333333332
2022-05-09 21:00:00+00:00,0.0,11.9,2.1,2,2.0,0,21,False,4.0,0.9863888888888888,0.9863888888888888,0.9863888888888888,0.9863888888888888
2022-05-09 22:00:00+00:00,0.0,11.0,1.6,1,0.0,0,22,False,2.0,0.9727777777777776,0.9727777777777776,0.9727777777777776,0.9727777777777776
2022-05-09 23:00:00+00:00,0.0,10.2,1.9,1,0.0,0,23,False,0.0,0.9577777777777776,0.9577777777777776,0.9577777777777776,0.9577777777777776
2022-05-10 00:00:00+00:00,0.0,13.3,4.2,8,0.0,1,0,False,0.0,0.996111111111111,0.996111111111111,0.9961111111111108,0.996111111111111
2022-05-10 01:00:00+00:00,0.0,13.4,2.4,8,0.0,1,1,False,0.0,0.9713888888888892,0.9713888888888892,0.9713888888888892,0.9713888888888892
2022-05-10 02:00:00+00:00,0.0,13.4,1.5,8,0.0,1,2,False,0.0,0.9891666666666664,0.9891666666666664,0.9891666666666664,0.9891666666666664
2022-05-10 03:00:00+00:00,0.0,13.4,3.1,8,1.0,1,3,False,0.0,0.9813888888888892,0.9813888888888892,0.9813888888888892,0.9813888888888892
2022-05-10 04:00:00+00:00,0.0,13.4,1.8,8,3.0,1,4,False,1.0,0.981388888888889,0.981388888888889,0.981388888888889,0.981388888888889
2022-05-10 05:00:00+00:00,0.0,13.0,1.9,8,16.0,1,5,False,3.0,0.9866666666666662,0.9866666666666662,0.986666666666666,0.9866666666666662
2022-05-10 06:00:00+00:00,0.0,12.2,1.6,8,21.0,1,6,False,16.0,0.902222222222222,0.902222222222222,0.902222222222222,0.902222222222222
2022-05-10 07:00:00+00:00,0.0,12.5,1.3,8,6.0,1,7,False,21.0,0.9675,0.9675,0.9675,0.9675
2022-05-10 08:00:00+00:00,0.0,12.9,1.8,8,3.0,1,8,False,6.0,0.9780555555555556,0.9780555555555556,0.9780555555555556,0.9780555555555556
2022-05-10 09:00:00+00:00,0.0,13.2,3.0,8,1.0,1,9,False,3.0,0.9638888888888888,0.9638888888888888,0.9638888888888888,0.9638888888888888
2022-05-10 10:00:00+00:00,0.1,13.4,2.9,8,1.0,1,10,False,1.0,0.9861111111111108,0.9861111111111108,0.9861111111111108,0.9861111111111108
2022-05-10 11:00:00+00:00,0.1,13.3,2.1,8,1.0,1,11,False,1.0,0.981111111111111,0.981111111111111,0.981111111111111,0.981111111111111
2022-05-10 12:00:00+00:00,1.3,13.1,2.6,8,3.0,1,12,False,1.0,0.9675,0.9675,0.9675,0.9675
2022-05-10 13:00:00+00:00,0.2,13.8,4.2,8,3.0,1,13,False,3.0,0.978333333333333,0.978333333333333,0.9783333333333332,0.978333333333333
2022-05-10 14:00:00+00:00,0.0,13.7,4.0,8,8.0,1,14,False,3.0,0.9511111111111112,0.9511111111111112,0.9511111111111112,0.9511111111111112
2022-05-10 15:00:00+00:00,0.0,13.8,5.6,8,6.0,1,15,False,8.0,0.99,0.99,0.99,0.99
2022-05-10 16:00:00+00:00,0.0,14.1,6.4,8,15.0,1,16,False,6.0,0.9863888888888886,0.9863888888888886,0.9863888888888888,0.9863888888888886
2022-05-10 17:00:00+00:00,0.0,13.9,6.1,8,5.0,1,17,False,15.0,0.979444444444444,0.979444444444444,0.979444444444444,0.979444444444444
2022-05-10 18:00:00+00:00,0.0,13.9,5.5,8,7.0,1,18,False,5.0,0.9838888888888891,0.9838888888888891,0.9838888888888891,0.9838888888888891
2022-05-10 19:00:00+00:00,0.0,13.9,4.7,8,3.0,1,19,False,7.0,0.9483333333333334,0.9483333333333334,0.9483333333333336,0.9483333333333334
2022-05-10 20:00:00+00:00,1.0,13.8,4.4,8,2.0,1,20,False,3.0,0.9633333333333332,0.9633333333333332,0.9633333333333332,0.9633333333333332
2022-05-10 21:00:00+00:00,3.0,13.6,3.4,8,1.0,1,21,False,2.0,0.9813888888888888,0.9813888888888888,0.9813888888888888,0.9813888888888888
2022-05-10 22:00:00+00:00,0.1,12.9,2.6,8,0.0,1,22,False,1.0,0.9855555555555556,0.9855555555555556,0.9855555555555556,0.9855555555555556
2022-05-10 23:00:00+00:00,0.0,12.3,1.7,8,0.0,1,23,False,0.0,0.9808333333333332,0.9808333333333332,0.9808333333333332,0.9808333333333332
2022-05-11 00:00:00+00:00,0.0,9.8,3.0,8,0.0,2,0,False,0.0,0.9813888888888884,0.9813888888888884,0.9813888888888884,0.9813888888888884
2022-05-11 01:00:00+00:00,0.0,9.9,3.8,8,0.0,2,1,False,0.0,0.9822222222222218,0.9822222222222218,0.9822222222222218,0.9822222222222218
2022-05-11 02:00:00+00:00,0.0,9.8,4.4,8,0.0,2,2,False,0.0,0.883611111111111,0.883611111111111,0.883611111111111,0.883611111111111
2022-05-11 03:00:00+00:00,0.1,9.6,3.7,8,3.0,2,3,False,0.0,0.982222222222222,0.982222222222222,0.982222222222222,0.982222222222222
2022-05-11 04:00:00+00:00,0.1,8.8,3.1,8,10.0,2,4,False,3.0,0.9816666666666662,0.9816666666666662,0.9816666666666662,0.9816666666666662
2022-05-11 05:00:00+00:00,0.8,8.4,2.3,8,22.0,2,5,False,10.0,0.9811111111111108,0.9811111111111108,0.9811111111111108,0.9811111111111108
2022-05-11 06:00:00+00:00,0.1,8.5,3.2,8,27.0,2,6,False,22.0,0.9333333333333332,0.9333333333333332,0.9333333333333332,0.9333333333333332
2022-05-11 07:00:00+00:00,0.0,8.7,3.1,8,11.0,2,7,False,27.0,0.9838888888888888,0.9838888888888888,0.9838888888888888,0.9838888888888888
2022-05-11 08:00:00+00:00,0.0,8.9,2.5,8,3.0,2,8,False,11.0,0.9919444444444444,0.9919444444444444,0.9919444444444444,0.9919444444444444
2022-05-11 09:00:00+00:00,0.0,9.2,2.3,8,5.0,2,9,False,3.0,0.9822222222222222,0.9822222222222222,0.9822222222222224,0.9822222222222222
2022-05-11 10:00:00+00:00,0.0,9.1,2.2,8,1.0,2,10,False,5.0,0.985,0.985,0.985,0.985
2022-05-11 11:00:00+00:00,0.1,9.2,2.9,8,3.0,2,11,False,1.0,0.9888888888888888,0.9888888888888888,0.9888888888888888,0.9888888888888888
2022-05-11 12:00:00+00:00,0.2,9.3,2.3,8,4.0,2,12,False,3.0,0.9833333333333336,0.9833333333333336,0.9833333333333336,0.9833333333333336
2022-05-11 13:00:00+00:00,0.2,9.1,2.6,8,5.0,2,13,False,4.0,0.9794444444444445,0.9794444444444445,0.9794444444444445,0.9794444444444445
2022-05-11 14:00:00+00:00,1.4,9.1,2.8,8,7.0,2,14,False,5.0,0.9808333333333332,0.9808333333333332,0.9808333333333332,0.9808333333333332
2022-05-11 15:00:00+00:00,0.0,9.1,2.7,8,11.0,2,15,False,7.0,0.9888888888888888,0.9888888888888888,0.9888888888888888,0.9888888888888888
2022-05-11 16:00:00+00:00,0.0,9.0,1.6,6,13.0,2,16,False,11.0,0.8669444444444445,0.8669444444444445,0.8669444444444444,0.8669444444444445
2022-05-11 17:00:00+00:00,0.0,8.2,3.0,6,3.0,2,17,False,13.0,0.9811111111111108,0.9811111111111108,0.9811111111111108,0.9811111111111108
2022-05-11 18:00:00+00:00,0.0,7.3,2.5,6,6.0,2,18,False,3.0,0.9933333333333332,0.9933333333333332,0.9933333333333332,0.9933333333333332
2022-05-11 19:00:00+00:00,0.0,6.2,2.0,1,4.0,2,19,False,6.0,0.9788888888888888,0.9788888888888888,0.9788888888888888,0.9788888888888888
2022-05-11 20:00:00+00:00,0.0,5.7,1.7,1,1.0,2,20,False,4.0,0.9869444444444448,0.9869444444444448,0.9869444444444448,0.9869444444444448
2022-05-11 21:00:00+00:00,0.0,4.4,0.7,1,1.0,2,21,False,1.0,0.9874999999999996,0.9874999999999996,0.9874999999999996,0.9874999999999996
2022-05-11 22:00:00+00:00,0.0,3.9,0.1,3,0.0,2,22,False,1.0,0.9827777777777776,0.9827777777777776,0.9827777777777776,0.9827777777777776
2022-05-11 23:00:00+00:00,0.0,3.3,1.0,3,0.0,2,23,False,0.0,0.9891666666666667,0.9891666666666667,0.9891666666666667,0.9891666666666667
